steamid,player,main_role,total_appearances,total_minutes,atk_rating,mid_rating,def_rating,gk_rating,atk_appearances,mid_appearances,def_appearances,gk_appearances,atk_minutes,mid_minutes,def_minutes,gk_minutes,main_role_rating,display_main_role_rating,rating,last_match_at,is_official_rating
STEAM_0:0:591586986,... 1  half,MID,583,45938,9.05,9.86,7.91,8.81,161,294,52,76,13696,22702,3345,3858,9.86,9.86,9.86,2026-08-22 06:07:20,True
STEAM_0:1:588628560,Brandon_BQM,DEF,406,29378,8.52,8.88,9.35,8.6,44,113,129,120,3710,7543,10637,6619,9.35,9.35,9.35,2026-08-21 08:02:40,True
STEAM_0:0:27418277,autip-,ATK,349,31693,9.72,9.92,8.18,6.36,176,106,60,7,16819,8680,5571,225,9.72,9.07,9.07,2026-07-15 22:27:28,True
STEAM_0:1:126572080,Krythx,MID,258,21093,9.57,9.3,9.12,8.53,86,126,30,16,7366,10316,2250,910,9.3,9.05,9.05,2026-08-10 01:15:20,True
STEAM_0:1:776748154,Bicho,DEF,642,55076,7.36,8.13,8.96,6.27,110,84,440,8,8491,5343,38250,344,8.96,8.96,8.96,2026-08-22 23:45:02,True
STEAM_0:0:566727630,Snowy,GK,607,42796,8.4,8.49,6.63,8.88,209,47,73,278,18294,2900,4956,14401,8.88,8.88,8.88,2026-08-16 22:44:16,True
STEAM_0:0:523865819,shaq,DEF,576,41352,6.22,6.88,8.86,9.48,23,64,312,177,1250,2408,26635,9291,8.86,8.86,8.86,2026-08-22 06:07:20,True
STEAM_0:0:115494837,eSlicer,GK,205,11559,8.53,8.16,8.0,9.17,30,60,51,64,1517,2650,3572,3488,9.17,8.77,8.77,2026-08-09 03:34:33,True
STEAM_0:1:787992769,kliy,ATK,524,43599,9.06,8.38,6.49,7.2,370,113,22,19,32655,6509,937,808,9.06,8.66,8.66,2026-07-29 03:34:42,True
STEAM_0:0:557206486,kobbeh,ATK,337,24608,9.29,6.17,7.21,7.75,186,52,68,31,16492,1190,4786,1562,9.29,8.64,8.64,2026-07-12 05:09:42,True
STEAM_0:1:146620910,messipelado,ATK,594,45343,8.98,7.17,6.82,6.76,301,113,115,65,26750,5537,8591,2875,8.98,8.58,8.58,2026-08-01 02:09:50,True
STEAM_0:0:87757576,daniel,MID,108,8338,8.28,8.52,6.27,,45,60,3,0,3697,4337,162,0,8.52,8.52,8.52,2026-08-17 05:59:17,True
STEAM_0:1:6064525,Bonny Lovy,MID,155,8230,8.32,8.39,6.38,6.76,24,109,14,8,1033,5259,855,455,8.39,8.39,8.39,2026-08-22 00:00:20,True
STEAM_0:0:838076937,yeico,ATK,725,58563,8.38,8.16,7.35,7.67,379,291,22,33,32326,21095,1390,1440,8.38,8.38,8.38,2026-08-22 23:45:02,True
STEAM_0:0:709867121,Garotinho,MID,309,21640,6.78,8.31,7.4,6.01,28,227,41,13,1587,15337,3124,391,8.31,8.31,8.31,2026-08-22 23:45:02,True
STEAM_0:1:4812742,Fallen,ATK,76,6178,8.29,8.79,6.61,6.16,34,29,11,2,2793,2372,823,102,8.29,8.29,8.29,2026-08-22 02:44:28,True
STEAM_0:1:627950827,The Chosen One,ATK,181,12805,8.24,7.55,7.27,5.97,90,48,38,5,6885,2428,2448,113,8.24,8.24,8.24,2026-08-22 22:07:36,True
STEAM_0:1:451783975,Papalito,ATK,472,36683,8.61,8.95,7.08,9.33,308,88,50,26,25138,5111,3455,1051,8.61,8.21,8.21,2026-08-08 03:33:25,True
STEAM_0:0:423977434,Pisco,ATK,423,35209,8.17,8.32,7.27,6.19,328,51,33,11,29579,2261,2404,313,8.17,8.17,8.17,2026-08-22 22:07:36,True
STEAM_0:0:842808826,0,DEF,1372,114026,8.23,7.91,8.15,7.38,160,310,865,38,12784,21008,73333,1398,8.15,8.15,8.15,2026-08-22 02:44:28,True
STEAM_0:0:712559796,Santana,ATK,675,54143,8.15,8.92,7.5,7.08,288,254,112,21,23403,18854,7966,465,8.15,8.15,8.15,2026-08-22 06:07:20,True
STEAM_0:1:631317413,el raro,DEF,467,35157,6.02,7.75,8.12,7.86,109,128,179,51,7823,8058,14387,2360,8.12,8.12,8.12,2026-08-22 22:07:36,True
STEAM_0:0:495288729,..,ATK,1075,95316,8.08,7.71,7.62,7.98,829,119,98,29,75593,8109,7183,1040,8.08,8.08,8.08,2026-08-22 02:44:28,True
STEAM_0:0:115985751,Chuky,MID,278,24754,6.53,8.06,8.46,6.33,93,141,43,1,8017,12102,3483,55,8.06,8.06,8.06,2026-08-22 23:45:02,True
STEAM_0:0:581528215,Alexxx,MID,117,11056,7.99,7.92,6.15,,38,73,6,0,3545,6861,555,0,7.92,7.92,7.92,2026-08-22 23:45:02,True
STEAM_0:1:127001049,bagobread,ATK,154,14168,7.85,8.43,6.86,5.94,89,58,5,2,8008,5210,334,66,7.85,7.85,7.85,2026-08-22 02:44:28,True
STEAM_0:0:565662550,ChetosDeQueso,GK,311,15474,5.61,5.4,6.12,7.82,25,44,58,184,1495,537,3545,9142,7.82,7.82,7.82,2026-08-22 23:45:02,True
STEAM_0:0:14773237,Bicho,ATK,74,6403,7.74,6.01,6.67,6.31,47,6,11,10,4366,428,915,426,7.74,7.74,7.74,2026-08-22 23:45:02,True
STEAM_0:1:702927026,... 1  half,MID,52,4440,7.7,8.29,6.94,,12,26,14,0,1002,2181,964,0,8.29,7.64,7.64,2026-07-23 04:18:29,True
STEAM_0:0:631503315,Loki,DEF,289,23510,6.26,6.27,7.64,6.57,46,56,166,21,4084,2727,14994,1208,7.64,7.64,7.64,2026-08-22 06:07:20,True
STEAM_0:1:428625097,Richie,DEF,204,17335,5.28,5.51,7.59,5.87,7,5,188,4,139,28,16734,230,7.59,7.59,7.59,2026-08-20 02:29:15,True
STEAM_0:0:449236,LagHank,DEF,202,19057,6.38,7.08,7.8,,2,6,194,0,196,468,18369,0,7.8,7.55,7.55,2026-08-16 01:58:25,True
STEAM_0:1:512006848,div3,ATK,119,9484,8.39,7.48,6.95,,57,47,15,0,4953,2949,1271,0,8.39,7.49,7.49,2026-05-31 07:03:38,True
STEAM_0:0:650460285,EltyTongo48,ATK,176,14868,7.48,6.87,5.99,6.53,141,20,8,7,12538,795,527,347,7.48,7.48,7.48,2026-08-22 02:44:28,True
STEAM_0:0:910181096,KRug4,DEF,298,21190,5.95,6.5,7.39,7.58,16,51,146,85,938,2707,11759,3913,7.39,7.39,7.39,2026-08-22 22:07:36,True
STEAM_0:1:741203476,larry,DEF,887,65201,7.86,7.69,7.35,7.75,115,157,439,176,8655,10969,34422,8337,7.35,7.35,7.35,2026-08-22 23:45:02,True
STEAM_0:1:846551844,Pepe Martines,GK,617,43379,7.37,6.51,6.0,7.32,208,48,114,247,16892,2556,7767,12514,7.32,7.32,7.32,2026-08-22 23:45:02,True
STEAM_0:0:600668238,la ardilla,MID,269,22176,6.76,7.65,7.81,7.66,80,92,64,33,6990,7767,4999,1481,7.65,7.25,7.25,2026-07-27 21:12:56,True
STEAM_0:1:567092520,EmeVeSe,ATK,79,7298,7.12,6.08,6.31,5.34,58,6,13,2,5587,462,939,64,7.12,7.12,7.12,2026-08-22 23:45:02,True
STEAM_0:1:722278941,R1CARDR0,DEF,336,29147,8.0,7.64,7.12,5.6,64,61,210,1,5616,3709,19237,25,7.12,7.12,7.12,2026-08-22 06:07:20,True
STEAM_0:1:712148059,eric,ATK,50,3716,8.01,6.59,5.85,,39,10,1,0,3004,579,98,0,8.01,7.11,7.11,2026-06-20 23:45:00,True
STEAM_0:1:61921742,Chicharito,DEF,51,4099,5.78,7.35,7.72,,7,15,29,0,541,1165,2262,0,7.72,7.07,7.07,2026-07-23 04:18:29,True
STEAM_0:1:500569573,Happy Maxi,DEF,63,5109,5.93,7.56,7.42,,6,24,33,0,348,1804,2920,0,7.42,7.02,7.02,2026-08-01 21:08:52,True
STEAM_0:0:837955394,hi,ATK,123,8054,7.9,6.72,7.52,6.69,60,41,19,3,4847,1305,1400,159,7.9,7.0,7.0,2026-06-20 21:17:36,True
STEAM_0:1:512399309,kevin roldan,DEF,130,10410,5.88,6.16,6.99,5.68,9,10,108,3,656,320,9094,7,6.99,6.99,6.99,2026-08-22 02:26:28,True
STEAM_0:1:788528725,Anthony,DEF,191,13216,6.04,5.91,7.38,7.29,15,27,134,17,1044,455,10448,993,7.38,6.98,6.98,2026-08-02 21:41:35,True
STEAM_0:0:640057029,Arthur,ATK,61,5069,8.11,6.72,5.6,6.05,43,12,2,4,4146,485,185,189,8.11,6.96,6.96,2026-05-16 21:10:57,True
STEAM_0:0:672972390,foofey,ATK,67,3981,7.21,5.83,6.24,,36,19,12,0,2877,374,631,0,7.21,6.96,6.96,2026-08-09 22:20:36,True
STEAM_0:1:590458372,Kq,ATK,105,8626,6.89,6.63,6.62,,52,21,32,0,4339,1352,2456,0,6.89,6.89,6.89,2026-08-17 05:59:17,True
STEAM_0:1:521709613,mamastroso,ATK,78,6577,7.77,8.23,6.21,,40,35,3,0,2840,2530,220,0,7.77,6.87,6.87,2026-06-20 23:45:00,True
STEAM_0:1:550341195,slwy,ATK,88,7687,7.09,6.42,6.06,5.87,76,7,4,1,6707,480,366,32,7.09,6.84,6.84,2026-08-09 22:20:36,True
STEAM_0:1:509480167,nunca,GK,55,2717,5.88,5.1,7.14,7.96,3,8,15,29,66,1,897,1620,7.96,6.81,6.81,2025-08-19 01:14:11,True
STEAM_0:1:597838122,Gabz,DEF,118,8967,5.3,6.06,7.42,,3,15,100,0,62,184,8596,0,7.42,6.77,6.77,2026-07-04 01:31:22,True
STEAM_0:0:783894272,gus,DEF,531,44491,5.75,5.59,6.74,5.54,155,59,313,4,13532,2242,26610,195,6.74,6.74,6.74,2026-08-22 22:07:36,True
STEAM_0:1:608932992,TaxiCrousty,ATK,59,4617,7.64,5.39,5.94,5.62,46,8,4,1,4104,192,285,6,7.64,6.74,6.74,2026-06-20 21:17:36,True
STEAM_0:0:692640108,KRug4,DEF,373,28082,5.72,6.92,7.38,7.8,32,64,208,69,2086,3308,16680,3133,7.38,6.73,6.73,2026-06-25 04:55:55,True
STEAM_0:0:627138616,Sebah,ATK,52,4436,6.73,6.2,5.99,5.71,34,11,4,3,3095,905,245,28,6.73,6.73,6.73,2026-08-21 05:30:37,True
STEAM_0:1:933229562,yankee,ATK,71,5507,6.97,5.7,5.55,,58,9,4,0,5129,270,39,0,6.97,6.72,6.72,2026-08-16 01:58:25,True
STEAM_0:0:511909092,CHOMAS EL TORTA POUNDER,GK,57,3676,5.58,6.07,7.27,7.86,3,3,21,30,146,309,1555,1547,7.86,6.71,6.71,2025-08-15 03:11:05,True
STEAM_0:1:625844098,srv,ATK,568,44201,6.71,6.92,8.4,6.93,201,124,184,59,17048,8081,14760,2560,6.71,6.71,6.71,2026-08-22 02:44:28,True
STEAM_0:1:632931415,Adrian,ATK,149,11723,6.68,5.59,7.07,5.48,106,10,32,1,9110,121,1997,12,6.68,6.68,6.68,2026-08-22 02:44:28,True
STEAM_0:0:112392907,Never got good,DEF,64,3764,5.25,5.5,7.04,,3,17,44,0,67,104,3502,0,7.04,6.64,6.64,2026-07-28 05:35:18,True
STEAM_0:1:219335408,hijo de TRT,ATK,68,5114,7.01,6.78,5.84,,43,16,9,0,3270,1078,477,0,7.01,6.61,6.61,2026-08-08 04:17:22,True
STEAM_0:1:610012349,killerby,ATK,67,6190,7.01,5.83,6.63,5.98,52,6,8,1,4837,468,645,57,7.01,6.61,6.61,2026-07-26 03:50:44,True
STEAM_0:1:548283418,iRyx21,DEF,614,49819,6.48,5.24,6.57,6.65,43,43,497,31,3283,1315,42409,1496,6.57,6.57,6.57,2026-08-22 23:45:02,True
STEAM_0:0:613214094,Nayinb Bukele,DEF,622,47625,5.96,7.32,6.52,6.66,150,151,250,71,12006,10894,19221,3317,6.52,6.52,6.52,2026-08-22 06:07:20,True
STEAM_0:0:615562055,sand,DEF,88,5767,6.11,5.99,6.92,6.22,14,21,46,7,963,871,3415,251,6.92,6.52,6.52,2026-08-09 03:34:33,True
STEAM_0:1:753309466,diego,DEF,172,11602,5.25,5.25,7.64,,2,20,150,0,33,1,11472,0,7.64,6.49,6.49,2025-12-08 23:29:14,True
STEAM_0:1:595566459,Giel,GK,62,4246,5.91,5.46,6.53,6.87,4,3,10,45,420,52,1033,2644,6.87,6.47,6.47,2026-08-03 02:24:35,True
STEAM_0:0:921231302,hus hus hus,MID,159,10967,6.72,7.11,6.67,6.96,54,58,33,14,3694,3938,1908,729,7.11,6.46,6.46,2026-07-05 00:29:18,True
STEAM_0:0:641661038,sexo,ATK,130,10632,7.33,7.05,8.48,5.74,59,23,46,2,5128,1146,3713,99,7.33,6.43,6.43,2026-06-05 03:39:41,True
STEAM_0:0:739389891,killerby,ATK,88,7974,7.05,6.18,6.27,5.68,69,9,8,2,6395,683,598,82,7.05,6.4,6.4,2026-07-04 21:34:42,True
STEAM_0:1:795040256,Lolo,MID,303,21950,6.51,7.03,7.75,5.84,90,112,99,2,6809,6627,7208,51,7.03,6.38,6.38,2026-07-04 04:54:39,True
STEAM_0:0:456191419,kt32.32,ATK,129,9726,7.51,6.84,6.4,5.59,102,22,4,1,8073,796,312,1,7.51,6.36,6.36,2025-12-16 22:57:43,True
STEAM_0:0:770884976,PAWIS9992,ATK,133,10549,6.36,6.92,7.06,5.53,52,29,51,1,3980,2001,4115,1,6.36,6.36,6.36,2026-08-22 00:00:20,True
STEAM_0:1:566113342,T3MP0,DEF,83,7117,6.98,6.63,7.0,5.77,15,22,44,2,1428,1543,3779,85,7.0,6.35,6.35,2026-07-19 03:09:23,True
STEAM_0:1:737967889,FatCat,DEF,176,12773,6.02,6.3,7.49,7.8,10,19,129,18,628,453,10380,891,7.49,6.34,6.34,2025-05-01 22:32:55,True
STEAM_0:1:658775989,flancito,ATK,132,9839,6.71,6.4,6.48,6.04,74,14,40,4,6374,289,2817,116,6.71,6.31,6.31,2026-07-25 23:49:23,True
STEAM_0:0:621872754,Pipetm,DEF,107,8363,5.92,7.39,7.17,5.85,16,36,49,6,1049,2671,3963,244,7.17,6.27,6.27,2026-06-19 01:12:58,True
STEAM_0:0:887120221,Pedri,DEF,81,4756,6.1,6.02,6.91,6.52,19,19,32,11,1167,638,2199,591,6.91,6.26,6.26,2026-07-17 05:17:56,True
STEAM_0:0:536431230,sheepey,ATK,107,8305,7.38,5.82,5.91,,93,7,7,0,7532,267,352,0,7.38,6.23,6.23,2025-12-09 00:01:30,True
STEAM_0:1:739979541,garydeus,DEF,50,3552,5.92,5.97,6.59,5.74,6,17,26,1,484,719,1995,47,6.59,6.19,6.19,2026-08-05 02:06:44,True
STEAM_0:0:31014794,gattuso,DEF,50,3845,,5.1,7.32,,0,7,43,0,0,0,3801,0,7.32,6.17,6.17,2026-02-02 04:34:23,True
STEAM_0:0:595312991,Kz,MID,74,6258,6.45,6.49,6.54,5.36,20,30,22,2,1555,2337,1725,36,6.49,6.09,6.09,2026-08-09 01:22:25,True
STEAM_0:1:701404455,Enfasis,DEF,66,5031,5.79,5.44,6.82,6.28,11,9,37,9,676,181,3274,586,6.82,5.92,5.92,2026-06-21 01:27:00,True
STEAM_0:0:693474670,Enlosbloquesonando,DEF,64,4461,5.3,5.96,6.82,,6,23,35,0,347,1222,2695,0,6.82,5.92,5.92,2026-06-21 01:27:00,True
STEAM_0:1:705029347,courtois prime,GK,65,4443,5.38,5.42,6.22,7.06,2,5,8,50,124,108,702,3488,7.06,5.91,5.91,2025-07-07 23:01:27,True
STEAM_0:0:845055840,Deravi,DEF,93,5645,5.38,5.32,6.23,6.07,25,20,31,17,1688,592,2230,829,6.23,5.83,5.83,2026-08-08 22:31:59,True
STEAM_0:0:444329654,CameraGuy,DEF,278,19786,5.94,5.41,5.93,6.99,84,40,131,23,6490,1211,10204,947,5.93,5.68,5.68,2026-08-15 05:10:22,True
STEAM_0:0:898995799,coca,DEF,145,10062,5.83,5.77,6.5,,37,21,87,0,2507,544,6270,0,6.5,5.35,5.35,2026-03-19 00:07:55,True
STEAM_0:0:661322564,acsa,MID,73,2856,5.81,5.54,6.54,,11,32,30,0,504,286,1923,0,5.54,4.64,4.64,2026-06-21 00:44:53,True
STEAM_0:1:10197940,SkyyNet,MID,142,2554,5.43,5.17,5.41,7.79,7,89,2,44,141,19,0,2391,5.17,4.02,4.02,2025-08-23 03:29:15,True
STEAM_0:1:765786570,! Mariusss,ATK,1,100,5.63,,,,1,0,0,0,100,0,0,0,5.63,,,2026-08-01 00:28:08,False
STEAM_0:0:633792369,(AGNAR OFLATO DE GOL),ATK,24,1663,6.02,5.27,6.23,,15,4,5,0,1255,48,338,0,6.02,,,2026-06-14 00:23:42,False
STEAM_0:0:464875566,",",MID,1,0,,6.01,,,0,1,0,0,0,0,0,0,6.01,,,2026-03-12 03:56:06,False
STEAM_0:0:924506637,-P,MID,1,0,,5.07,,,0,1,0,0,0,0,0,0,5.07,,,2025-10-26 02:38:24,False
STEAM_0:1:958506721,...,MID,1,0,,5.07,,,0,1,0,0,0,0,0,0,5.07,,,2026-02-01 22:43:10,False
STEAM_0:1:626862128,1,ATK,4,290,5.77,,5.87,,3,0,1,0,197,0,59,0,5.77,,,2025-05-06 23:25:03,False
STEAM_0:0:533877165,1.7block,DEF,2,96,,5.05,5.8,,0,1,1,0,0,0,96,0,5.8,,,2026-03-15 19:34:10,False
STEAM_0:1:395560641,1.7block,MID,1,0,,5.07,,,0,1,0,0,0,0,0,0,5.07,,,2026-02-14 22:46:33,False
STEAM_0:1:933830079,1.7block,MID,3,0,,5.06,,,0,3,0,0,0,0,0,0,5.06,,,2025-05-27 22:51:48,False
STEAM_0:0:510262918,2.0 tdi future,DEF,4,195,,5.05,5.92,,0,1,3,0,0,0,195,0,5.92,,,2025-06-17 02:00:09,False
STEAM_0:1:944499005,2P,ATK,8,565,5.87,5.46,5.51,5.38,3,2,2,1,282,123,108,39,5.87,,,2026-04-12 22:10:09,False
STEAM_0:1:396797855,2pac,ATK,28,2242,6.7,6.29,6.03,5.56,18,3,6,1,1439,284,416,29,6.7,,,2026-08-09 23:58:13,False
STEAM_0:1:695377651,4-star USB,MID,4,161,5.42,5.33,,,1,3,0,0,93,68,0,0,5.33,,,2025-05-19 21:16:39,False
STEAM_0:0:585674126,931491321,ATK,14,602,5.43,5.05,6.13,,8,2,4,0,340,0,220,0,5.43,,,2025-09-30 00:15:34,False
STEAM_0:1:938173471,abbykoolstar,ATK,36,2275,6.07,5.06,6.28,,21,3,12,0,1644,19,549,0,6.07,,,2026-08-10 01:15:20,False
STEAM_0:0:138368601,abe,ATK,3,138,5.77,5.05,,,2,1,0,0,138,0,0,0,5.77,,,2025-01-22 02:49:41,False
STEAM_0:1:640722264,Abo Kevin,DEF,13,987,6.0,5.65,6.4,,5,1,7,0,366,93,482,0,6.4,,,2026-04-06 22:58:35,False
STEAM_0:0:227155941,abou,ATK,1,59,5.54,,,,1,0,0,0,59,0,0,0,5.54,,,2025-02-21 23:35:57,False
STEAM_0:0:629172715,aceituncula,DEF,10,793,5.22,,6.54,,1,0,9,0,21,0,773,0,6.54,,,2025-10-29 22:44:34,False
STEAM_0:0:12997958,Adam,MID,14,294,,5.71,5.52,,0,11,3,0,0,175,118,0,5.71,,,2026-05-09 00:28:54,False
STEAM_0:1:417074916,adam,DEF,1,97,,,5.81,,0,0,1,0,0,0,97,0,5.81,,,2026-04-01 19:22:33,False
STEAM_0:1:384307135,Adrian (D4?),DEF,41,3771,5.94,5.54,6.44,,14,1,26,0,1215,99,2417,0,6.44,,,2026-07-15 22:27:28,False
STEAM_0:0:714175325,Adrian no prime,DEF,44,2289,5.85,5.85,6.12,6.39,10,11,13,10,542,298,869,428,6.12,,,2025-12-15 00:00:36,False
STEAM_0:1:242201944,afonser,MID,6,124,5.48,5.06,5.36,,1,4,1,0,124,0,0,0,5.06,,,2025-06-22 02:59:30,False
STEAM_0:1:18913938,Aguero,DEF,5,354,5.84,5.55,5.99,,2,1,2,0,127,19,180,0,5.99,,,2026-08-06 02:12:41,False
STEAM_0:1:649245246,Agustin.,ATK,24,1839,6.63,5.89,6.04,,15,4,5,0,1165,139,289,0,6.63,,,2025-07-06 22:00:05,False
STEAM_0:0:742843040,AIDEN,ATK,5,462,5.69,,5.74,,4,0,1,0,365,0,96,0,5.69,,,2026-07-19 00:31:45,False
STEAM_0:1:629129534,akarisinho,ATK,5,336,5.79,5.05,5.8,,3,1,1,0,275,0,61,0,5.79,,,2025-02-19 01:03:30,False
STEAM_0:1:569882418,alberteg,DEF,1,94,,,6.0,,0,0,1,0,0,0,94,0,6.0,,,2025-03-08 20:05:45,False
STEAM_0:0:357712321,alexis sanchez,ATK,2,51,5.21,,,5.61,1,0,0,1,48,0,0,3,5.21,,,2026-08-05 02:06:44,False
STEAM_0:0:528551805,alexithymia,MID,4,64,5.45,5.06,,,1,3,0,0,64,0,0,0,5.06,,,2026-02-03 04:35:10,False
STEAM_0:0:709307346,Alfaro la cabra,ATK,30,2123,5.84,5.89,5.78,,14,13,3,0,912,916,177,0,5.84,,,2026-03-15 22:48:28,False
STEAM_0:1:579053690,Alfred SIUUU,ATK,1,1,5.19,,,,1,0,0,0,1,0,0,0,5.19,,,2026-04-30 00:40:00,False
STEAM_0:1:949395375,amatro617,DEF,2,151,,,5.69,,0,0,2,0,0,0,151,0,5.69,,,2026-02-23 04:03:14,False
STEAM_0:1:110486389,ardilla,DEF,4,360,6.32,5.62,5.85,,1,1,2,0,127,36,151,0,5.85,,,2026-04-12 22:10:09,False
STEAM_0:1:894181878,astraL,MID,1,0,,5.07,,,0,1,0,0,0,0,0,0,5.07,,,2026-01-31 02:03:52,False
STEAM_0:0:819665662,azzioo,MID,7,403,6.11,5.86,,,2,5,0,0,166,197,0,0,5.86,,,2026-03-23 21:56:08,False
STEAM_0:1:415298645,BARRA BRAVA DE VK,ATK,10,746,6.0,5.05,5.74,,7,1,2,0,588,0,151,0,6.0,,,2026-08-09 23:58:13,False
STEAM_0:0:252753,BEAST,ATK,12,905,7.02,5.05,5.91,,8,2,2,0,786,0,116,0,7.02,,,2025-04-04 23:07:42,False
STEAM_0:1:503318191,BeBup,ATK,1,7,5.19,,,,1,0,0,0,7,0,0,0,5.19,,,2026-08-01 07:37:57,False
STEAM_0:0:414303735,Belico,ATK,3,227,5.65,5.27,5.48,,1,1,1,0,101,27,99,0,5.65,,,2026-03-28 21:14:48,False
STEAM_0:1:570682118,Benadryl For My Head Cs It Hurt,MID,1,102,,5.32,,,0,1,0,0,0,97,0,0,5.32,,,2026-06-23 04:56:43,False
STEAM_0:1:244723498,Benj,DEF,2,223,5.19,,5.42,,1,0,1,0,90,0,96,0,5.42,,,2026-03-23 21:56:08,False
STEAM_0:1:104861260,Bennson Von-Dogsmirkle,DEF,1,133,,,5.67,,0,0,1,0,0,0,133,0,5.67,,,2026-07-03 23:57:51,False
STEAM_0:0:576714833,Big Shaq,MID,2,187,,6.05,,,0,2,0,0,0,187,0,0,6.05,,,2025-04-28 22:06:31,False
STEAM_0:0:531546474,biggy,GK,2,60,,,5.45,6.5,0,0,1,1,0,0,8,51,6.5,,,2026-04-27 20:51:52,False
STEAM_0:0:365241547,blackho.Dz,DEF,1,5,,,5.36,,0,0,1,0,0,0,5,0,5.36,,,2026-06-11 02:06:58,False
STEAM_0:0:752697450,blessed,DEF,2,115,,,5.76,,0,0,2,0,0,0,115,0,5.76,,,2026-06-08 01:40:43,False
STEAM_0:0:925876123,bnsn,MID,1,0,,5.07,,,0,1,0,0,0,0,0,0,5.07,,,2025-04-24 03:50:44,False
STEAM_0:0:709800576,BONDICKER,MID,2,0,,5.05,,,0,2,0,0,0,0,0,0,5.05,,,2025-06-14 19:13:45,False
STEAM_0:0:402535868,brandonl12451,ATK,3,267,5.62,,6.41,,2,0,1,0,172,0,95,0,5.62,,,2025-11-27 03:35:37,False
STEAM_0:1:62198196,brodrick,ATK,32,2174,6.43,5.58,5.99,6.02,18,5,8,1,1433,247,328,36,6.43,,,2026-07-12 04:47:53,False
STEAM_0:1:390661416,bugatti,DEF,1,12,,,5.46,,0,0,1,0,0,0,12,0,5.46,,,2026-07-15 22:08:59,False
STEAM_0:0:20517562,Bullet,DEF,6,491,6.04,5.05,5.92,,1,1,4,0,128,0,363,0,5.92,,,2026-05-09 22:41:37,False
STEAM_0:1:516751201,Burri,MID,2,142,,6.02,,,0,2,0,0,0,142,0,0,6.02,,,2026-02-21 04:31:46,False
STEAM_0:0:174917589,Bussetto,MID,1,0,,5.07,,,0,1,0,0,0,0,0,0,5.07,,,2025-05-02 01:27:53,False
STEAM_0:0:547506296,busti,DEF,2,8,,5.05,5.36,,0,1,1,0,0,0,8,0,5.36,,,2025-07-21 01:16:55,False
STEAM_0:1:842567190,c?,DEF,3,127,,,5.81,,0,0,3,0,0,0,103,0,5.81,,,2025-05-09 00:23:54,False
STEAM_0:1:763949348,cabezamagica,ATK,1,1,5.19,,,,1,0,0,0,1,0,0,0,5.19,,,2025-10-15 00:30:21,False
STEAM_0:0:650973699,caca,MID,1,94,,5.96,,,0,1,0,0,0,49,0,0,5.96,,,2025-10-10 20:25:55,False
STEAM_0:0:650114052,caki,DEF,1,94,,,5.95,,0,0,1,0,0,0,94,0,5.95,,,2026-03-08 02:54:33,False
STEAM_0:1:79320560,Captain Cuddles,MID,1,0,,5.07,,,0,1,0,0,0,0,0,0,5.07,,,2026-01-04 23:39:58,False
STEAM_0:0:561299993,Carlito,MID,1,0,,5.07,,,0,1,0,0,0,0,0,0,5.07,,,2026-02-15 23:27:44,False
STEAM_0:0:939285425,carrilloesper6,DEF,2,110,,,5.81,,0,0,2,0,0,0,107,0,5.81,,,2026-02-01 22:43:10,False
STEAM_0:1:547993744,Caschy3,DEF,3,350,5.14,,5.81,,1,0,2,0,123,0,227,0,5.81,,,2026-07-27 21:12:56,False
STEAM_0:1:521955666,Casillas,MID,2,32,,5.52,,,0,2,0,0,0,32,0,0,5.52,,,2026-07-03 00:21:07,False
STEAM_0:1:672441265,CASSETTI,DEF,2,150,,5.54,5.43,,0,1,1,0,0,68,82,0,5.43,,,2025-02-27 00:24:03,False
STEAM_0:0:711692002,cassetti pases picanteslatich,DEF,1,67,,,5.6,,0,0,1,0,0,0,67,0,5.6,,,2025-01-14 03:39:34,False
STEAM_0:0:961991703,Cassetti.,DEF,2,177,,,5.96,,0,0,2,0,0,0,177,0,5.96,,,2025-10-22 22:06:10,False
STEAM_0:1:963327449,Cassetti.,DEF,2,16,,5.05,5.39,,0,1,1,0,0,0,16,0,5.39,,,2025-10-12 21:06:45,False
STEAM_0:1:103429902,catdeyemi,MID,1,0,,5.07,,,0,1,0,0,0,0,0,0,5.07,,,2025-12-31 02:38:20,False
STEAM_0:0:595721197,Cchap Cchap,DEF,1,6,,,5.36,,0,0,1,0,0,0,6,0,5.36,,,2025-05-25 00:35:20,False
STEAM_0:0:393572450,CECH,MID,2,34,,5.25,,5.48,0,1,0,1,0,27,0,7,5.25,,,2026-04-16 20:51:28,False
STEAM_0:0:242190167,chaps,MID,1,53,,5.39,,,0,1,0,0,0,53,0,0,5.39,,,2026-02-14 02:45:32,False
STEAM_0:0:196859543,CheezyChips,MID,8,375,5.81,5.3,5.53,5.35,2,4,1,1,168,98,96,14,5.3,,,2026-08-02 02:01:58,False
STEAM_0:1:179682268,chikipaytor,MID,1,0,,5.07,,,0,1,0,0,0,0,0,0,5.07,,,2025-05-20 01:15:28,False
STEAM_0:0:454662343,Chilli Peppers,MID,2,0,,5.05,,5.61,0,1,0,1,0,0,0,0,5.05,,,2026-08-03 01:41:12,False
STEAM_0:0:402190433,Cho,MID,1,0,,5.07,,,0,1,0,0,0,0,0,0,5.07,,,2025-11-26 00:25:41,False
STEAM_0:1:456522099,Churrito,ATK,8,485,5.39,5.05,5.74,,5,1,2,0,329,0,156,0,5.39,,,2026-07-24 06:11:14,False
STEAM_0:0:153856297,Cian,ATK,1,12,5.19,,,,1,0,0,0,12,0,0,0,5.19,,,2025-02-20 02:48:58,False
STEAM_0:0:939755199,CJ,MID,3,0,,5.06,,,0,3,0,0,0,0,0,0,5.06,,,2025-05-14 22:07:29,False
STEAM_0:1:740689232,CJ!!,MID,4,94,5.19,5.05,5.45,,1,2,1,0,47,0,46,0,5.05,,,2025-06-09 00:10:41,False
STEAM_0:1:866129319,Classify,DEF,5,271,,5.05,5.95,,0,2,3,0,0,0,271,0,5.95,,,2026-02-08 01:34:41,False
STEAM_0:0:54856986,cloudchaser,ATK,31,2027,6.64,5.77,5.61,,24,5,2,0,1628,260,103,0,6.64,,,2026-07-15 23:13:19,False
STEAM_0:1:196764486,clous,MID,1,0,,5.07,,,0,1,0,0,0,0,0,0,5.07,,,2025-06-01 01:43:53,False
STEAM_0:1:571808921,coca,MID,21,1207,5.58,5.84,5.89,,6,8,7,0,358,360,429,0,5.84,,,2026-03-28 21:14:48,False
STEAM_0:1:739942874,Coflita,GK,1,4,,,,5.48,0,0,0,1,0,0,0,4,5.48,,,2026-03-12 03:56:06,False
STEAM_0:0:634551970,colon,DEF,5,389,5.64,6.06,6.26,,2,1,2,0,92,100,197,0,6.26,,,2026-05-17 02:24:12,False
STEAM_0:1:222152620,conabzb,DEF,1,92,,,6.03,,0,0,1,0,0,0,52,0,6.03,,,2025-02-06 02:22:47,False
STEAM_0:0:602779985,costa,DEF,5,81,,5.05,5.49,,0,2,3,0,0,0,77,0,5.49,,,2026-02-24 21:23:12,False
STEAM_0:1:452707123,Cotizado,ATK,1,2,5.19,,,,1,0,0,0,2,0,0,0,5.19,,,2025-11-27 03:35:37,False
STEAM_0:1:615768122,CR7MENTALITY,MID,1,0,,5.07,,,0,1,0,0,0,0,0,0,5.07,,,2026-02-17 23:46:01,False
STEAM_0:0:180990394,croco33,MID,1,0,,5.07,,,0,1,0,0,0,0,0,0,5.07,,,2025-05-09 01:44:32,False
STEAM_0:1:695163331,Cuevita,DEF,13,734,5.89,5.33,6.02,5.83,1,4,5,3,94,119,299,222,6.02,,,2025-06-06 03:43:31,False
STEAM_0:0:598398268,Cvijaa,MID,1,0,,5.07,,,0,1,0,0,0,0,0,0,5.07,,,2025-03-08 20:05:45,False
STEAM_0:0:509098898,CvRon,ATK,5,371,5.55,6.28,,,4,1,0,0,272,76,0,0,5.55,,,2025-06-04 00:49:15,False
STEAM_0:1:385317914,D law (oda),DEF,1,131,,,5.88,,0,0,1,0,0,0,131,0,5.88,,,2026-03-14 03:48:39,False
STEAM_0:1:404134209,dan.dan.gles,DEF,1,2,,,5.36,,0,0,1,0,0,0,2,0,5.36,,,2026-05-24 03:38:28,False
STEAM_0:0:455145222,darwizzy,ATK,1,3,5.19,,,,1,0,0,0,1,0,0,0,5.19,,,2025-03-16 02:04:54,False
STEAM_0:0:939167102,david.,MID,4,22,5.19,5.4,,,1,3,0,0,9,10,0,0,5.4,,,2025-03-31 00:09:06,False
STEAM_0:1:560167076,Deltazz,ATK,4,317,5.82,,5.84,,2,0,2,0,196,0,73,0,5.82,,,2026-08-06 02:12:41,False
STEAM_0:0:742547054,DemZo,ATK,24,1956,7.09,6.25,5.78,,19,4,1,0,1645,185,97,0,7.09,,,2026-08-05 03:04:53,False
STEAM_0:0:4060750,denneh,MID,1,0,,5.07,,,0,1,0,0,0,0,0,0,5.07,,,2026-01-25 18:52:35,False
STEAM_0:1:456668647,Denqty,MID,2,94,,5.44,,,0,2,0,0,0,94,0,0,5.44,,,2025-06-19 03:21:00,False
STEAM_0:1:559774238,Dert,DEF,11,536,,5.06,5.49,6.07,0,4,5,2,0,0,356,106,5.49,,,2025-09-26 02:02:19,False
STEAM_0:0:602474326,device,MID,1,0,,5.07,,,0,1,0,0,0,0,0,0,5.07,,,2026-01-25 21:25:33,False
STEAM_0:0:596201062,DiabetesStudent,DEF,32,2873,5.97,6.03,7.19,6.03,4,7,19,2,376,543,1736,117,7.19,,,2026-07-04 21:34:42,False
STEAM_0:1:753354641,didi3rs23,MID,1,4,,5.07,,,0,1,0,0,0,4,0,0,5.07,,,2025-09-24 03:20:33,False
STEAM_0:0:53589364,diego,DEF,1,95,,,6.18,,0,0,1,0,0,0,95,0,6.18,,,2025-08-01 02:28:47,False
STEAM_0:0:129779032,dio,ATK,3,106,5.84,5.05,5.46,,1,1,1,0,94,0,11,0,5.84,,,2025-11-20 02:42:11,False
STEAM_0:0:582551130,dj caw,MID,12,212,,5.08,6.06,,0,9,3,0,0,0,183,0,5.08,,,2025-11-28 23:57:51,False
STEAM_0:1:230175263,Dominican Rarecord1711,DEF,23,1813,5.57,5.88,7.95,,2,4,17,0,92,189,1503,0,7.95,,,2026-05-08 02:33:10,False
STEAM_0:0:223749320,don kbrn,DEF,20,1380,,5.06,7.15,,0,3,17,0,0,0,1345,0,7.15,,,2025-04-12 02:33:00,False
STEAM_0:1:858163713,Draggy,MID,1,0,,5.07,,,0,1,0,0,0,0,0,0,5.07,,,2025-04-06 01:28:20,False
STEAM_0:1:771428379,dreamy,ATK,3,194,6.03,,,5.61,2,0,0,1,194,0,0,0,6.03,,,2026-07-21 07:13:28,False
STEAM_0:0:28573588,Drogba,GK,1,0,,,,5.61,0,0,0,1,0,0,0,0,5.61,,,2026-08-21 08:02:40,False
STEAM_0:0:713104043,dsfgdgh1,DEF,1,94,,,5.69,,0,0,1,0,0,0,94,0,5.69,,,2026-02-15 20:02:40,False
STEAM_0:1:573423519,dstp,MID,4,320,5.36,6.02,,,2,2,0,0,107,203,0,0,6.02,,,2026-06-18 20:12:47,False
STEAM_0:1:955222936,e [9fiun-9q38ubf -9813 19fi3n y,GK,1,11,,,,5.2,0,0,0,1,0,0,0,11,5.2,,,2025-08-26 22:45:41,False
STEAM_0:1:546930731,edu,MID,1,116,,5.68,,,0,1,0,0,0,80,0,0,5.68,,,2026-03-23 21:56:08,False
STEAM_0:0:401730493,educador,MID,1,3,,5.07,,,0,1,0,0,0,3,0,0,5.07,,,2025-12-04 02:56:03,False
STEAM_0:0:555753581,El Magico,DEF,1,0,,,5.36,,0,0,1,0,0,0,0,0,5.36,,,2025-07-15 21:26:17,False
STEAM_0:0:650989449,"el pesho,dogi",MID,1,0,,5.07,,,0,1,0,0,0,0,0,0,5.07,,,2025-07-12 05:16:58,False
STEAM_0:0:490250953,El_Pistolero,MID,2,0,,5.05,,,0,2,0,0,0,0,0,0,5.05,,,2025-05-05 21:33:39,False
STEAM_0:1:753848121,El_ViniJR,GK,1,46,,,,5.16,0,0,0,1,0,0,0,46,5.16,,,2026-02-21 22:06:38,False
STEAM_0:0:579173648,elsega12,DEF,2,23,,5.05,5.5,,0,1,1,0,0,1,21,0,5.5,,,2026-02-13 02:34:41,False
STEAM_0:0:784506114,Empanada,GK,1,1,,,,5.61,0,0,0,1,0,0,0,1,5.61,,,2025-06-05 02:24:55,False
STEAM_0:1:398171912,env9se,DEF,1,81,,,5.73,,0,0,1,0,0,0,81,0,5.73,,,2026-06-18 01:03:14,False
STEAM_0:1:635202775,Esteban_Zwe,DEF,1,79,,,5.87,,0,0,1,0,0,0,79,0,5.87,,,2025-07-01 03:16:55,False
STEAM_0:0:454400326,exaz,MID,1,0,,5.07,,,0,1,0,0,0,0,0,0,5.07,,,2026-01-11 23:58:24,False
STEAM_0:0:567972969,extra,ATK,13,1143,6.74,6.45,6.42,,7,3,3,0,592,243,308,0,6.74,,,2026-07-08 05:38:27,False
STEAM_0:0:954678484,extra,MID,1,95,,6.21,,,0,1,0,0,0,95,0,0,6.21,,,2025-09-28 19:59:10,False
STEAM_0:1:678274554,EzEe,ATK,1,93,5.43,,,,1,0,0,0,63,0,0,0,5.43,,,2025-09-27 02:08:02,False
STEAM_0:0:711327657,f,MID,1,82,,5.56,,,0,1,0,0,0,82,0,0,5.56,,,2026-08-21 08:02:40,False
STEAM_0:1:904113422,F4Bl4N0_TUKCHEROOOOOO,MID,15,591,5.37,5.29,5.97,,3,7,5,0,88,103,400,0,5.29,,,2026-05-06 01:23:35,False
STEAM_0:1:599832560,Fabri,ATK,1,110,6.07,,,,1,0,0,0,110,0,0,0,6.07,,,2025-11-27 05:56:55,False
STEAM_0:1:627147915,FACUNDINHO,MID,1,0,,5.31,,,0,1,0,0,0,0,0,0,5.31,,,2026-02-28 23:53:10,False
STEAM_0:0:13346995,fang,DEF,1,49,,,5.7,,0,0,1,0,0,0,31,0,5.7,,,2025-04-29 00:38:50,False
STEAM_0:0:43593813,Fedza,MID,1,0,,5.07,,,0,1,0,0,0,0,0,0,5.07,,,2025-09-27 21:51:59,False
STEAM_0:0:556347741,Felix,ATK,1,2,5.19,,,,1,0,0,0,2,0,0,0,5.19,,,2025-06-06 05:28:34,False
STEAM_0:1:545238280,fh,DEF,15,896,5.39,5.23,5.99,,2,6,7,0,104,100,680,0,5.99,,,2026-06-08 01:40:43,False
STEAM_0:0:1782349,figo,ATK,1,33,5.52,,,,1,0,0,0,33,0,0,0,5.52,,,2026-07-18 21:44:42,False
STEAM_0:0:808981303,flancito,ATK,1,88,5.71,,,,1,0,0,0,88,0,0,0,5.71,,,2025-08-09 00:53:27,False
STEAM_0:1:637816206,Fm,MID,1,0,,5.07,,,0,1,0,0,0,0,0,0,5.07,,,2026-01-24 23:55:19,False
STEAM_0:0:656832305,fokito,DEF,1,132,,,5.78,,0,0,1,0,0,0,112,0,5.78,,,2026-04-12 01:41:08,False
STEAM_0:1:630955236,fr1s,DEF,1,93,,,5.9,,0,0,1,0,0,0,93,0,5.9,,,2025-07-16 22:58:39,False
STEAM_0:1:604798302,fram,MID,1,0,,5.07,,,0,1,0,0,0,0,0,0,5.07,,,2025-02-05 00:45:33,False
STEAM_0:0:643025732,franco,ATK,4,363,5.48,,,,4,0,0,0,363,0,0,0,5.48,,,2025-05-03 23:12:19,False
STEAM_0:1:237425882,FRIBU,MID,1,0,,5.07,,,0,1,0,0,0,0,0,0,5.07,,,2025-09-27 01:20:59,False
STEAM_0:0:104531172,Gabriel89_2002,MID,1,99,,6.06,,,0,1,0,0,0,99,0,0,6.06,,,2026-06-09 23:52:21,False
STEAM_0:0:42043307,gahyun,MID,18,1387,,7.97,,,0,18,0,0,0,1387,0,0,7.97,,,2026-07-17 23:23:18,False
STEAM_0:1:653746560,Gerappa,MID,2,0,,5.05,,,0,2,0,0,0,0,0,0,5.05,,,2025-05-02 20:42:25,False
STEAM_0:1:582234554,Giuliano Yankees,ATK,1,14,5.44,,,,1,0,0,0,14,0,0,0,5.44,,,2024-12-28 19:43:48,False
STEAM_0:0:508333149,Glizzy,MID,1,0,,5.07,,,0,1,0,0,0,0,0,0,5.07,,,2025-07-27 04:32:43,False
STEAM_0:0:484545231,gmann,GK,14,1032,,,,6.83,0,0,0,14,0,0,0,1032,6.83,,,2026-07-17 23:23:18,False
STEAM_0:1:526602329,gobigorange04,ATK,16,1263,5.37,,5.83,5.61,8,0,7,1,664,0,559,0,5.37,,,2026-08-09 22:20:36,False
STEAM_0:1:427308592,Gonorrea,DEF,2,175,,5.39,5.94,,0,1,1,0,0,84,91,0,5.94,,,2025-09-29 02:36:54,False
STEAM_0:0:627053799,guava,ATK,45,2912,7.18,6.95,6.23,5.7,25,15,3,2,1988,477,189,170,7.18,,,2026-04-05 21:09:32,False
STEAM_0:0:210480982,Guille2610,DEF,17,1295,5.61,5.05,6.66,,3,1,13,0,258,5,991,0,6.66,,,2025-05-16 03:45:26,False
STEAM_0:1:952683529,Hakimi,MID,1,95,,6.26,,,0,1,0,0,0,95,0,0,6.26,,,2026-01-23 04:02:56,False
STEAM_0:0:756997985,hakimi87,DEF,2,93,,5.05,5.94,,0,1,1,0,0,0,93,0,5.94,,,2025-03-12 01:59:06,False
STEAM_0:0:709343551,hani,DEF,1,82,,,5.72,,0,0,1,0,0,0,82,0,5.72,,,2026-08-21 08:02:40,False
STEAM_0:0:917701084,Hanszzz,DEF,2,103,,,5.51,,0,0,2,0,0,0,103,0,5.51,,,2026-07-05 00:50:07,False
STEAM_0:0:946828568,Hanzel,DEF,3,219,5.64,,6.26,,1,0,2,0,21,0,198,0,6.26,,,2025-06-02 04:31:51,False
STEAM_0:0:181446836,Haribo embassador,DEF,2,187,,,6.16,,0,0,2,0,0,0,187,0,6.16,,,2026-01-25 18:52:35,False
STEAM_0:0:548187194,Hawke,DEF,1,97,,,6.12,,0,0,1,0,0,0,97,0,6.12,,,2026-06-18 19:13:04,False
STEAM_0:0:611006884,Hectormbtx,GK,2,44,,,,5.14,0,0,0,2,0,0,0,44,5.14,,,2025-02-21 23:35:57,False
STEAM_0:1:925517922,Hermetico,DEF,3,294,,,6.51,,0,0,3,0,0,0,236,0,6.51,,,2025-01-07 02:08:01,False
STEAM_0:0:567803599,Hernan,DEF,31,2176,5.19,5.14,7.32,6.01,1,3,21,6,0,13,1868,252,7.32,,,2026-06-14 22:10:38,False
STEAM_0:0:853409596,hilagonza2106,ATK,1,92,5.52,,,,1,0,0,0,92,0,0,0,5.52,,,2025-06-15 23:53:41,False
STEAM_0:1:785348732,Hinchada,MID,8,189,5.18,5.19,5.86,,1,6,1,0,2,61,94,0,5.19,,,2026-01-20 02:50:34,False
STEAM_0:0:712047326,HINCHADA DE VK!!,MID,1,0,,5.07,,,0,1,0,0,0,0,0,0,5.07,,,2026-02-14 22:46:33,False
STEAM_0:0:91874722,hiso,MID,1,93,,5.85,,,0,1,0,0,0,93,0,0,5.85,,,2025-07-17 02:01:22,False
STEAM_0:0:964537562,Hooplaah,DEF,1,81,,,5.65,,0,0,1,0,0,0,81,0,5.65,,,2026-01-10 02:14:52,False
STEAM_0:0:963163957,i know my route bro,MID,6,385,6.47,6.22,5.36,,2,3,1,0,193,185,7,0,6.22,,,2026-02-08 22:41:24,False
STEAM_0:1:962560238,Idkname:(,MID,1,0,,5.07,,,0,1,0,0,0,0,0,0,5.07,,,2026-02-01 23:15:14,False
STEAM_0:0:434797686,ImKebab,DEF,1,101,,,6.11,,0,0,1,0,0,0,93,0,6.11,,,2026-04-06 22:58:35,False
STEAM_0:0:373104480,Iniesta,MID,1,62,,5.79,,,0,1,0,0,0,62,0,0,5.79,,,2026-05-14 01:18:20,False
STEAM_0:1:542791057,iniesta,MID,1,44,,5.38,,,0,1,0,0,0,44,0,0,5.38,,,2025-03-15 00:48:55,False
STEAM_0:1:925068406,"inj opgbp,lbdheñahprç",DEF,1,1,,,5.36,,0,0,1,0,0,0,1,0,5.36,,,2025-03-04 23:34:41,False
STEAM_0:0:941388398,iraqsolo,DEF,7,484,5.18,5.73,5.67,,1,2,4,0,0,201,282,0,5.67,,,2026-07-29 23:09:22,False
STEAM_0:1:924341284,ISAGI,MID,1,0,,5.07,,,0,1,0,0,0,0,0,0,5.07,,,2025-04-27 21:17:32,False
STEAM_0:1:513870876,Ivan Pillud,DEF,1,93,,,5.67,,0,0,1,0,0,0,93,0,5.67,,,2025-05-06 23:25:03,False
STEAM_0:1:460923272,Jager,DEF,6,221,,5.34,6.34,,0,3,3,0,0,10,210,0,6.34,,,2026-03-02 01:18:45,False
STEAM_0:1:118688024,Janek,ATK,3,93,5.93,5.05,5.36,,1,1,1,0,92,0,1,0,5.93,,,2026-04-03 20:12:15,False
STEAM_0:1:8075402,Jay-,ATK,19,1747,7.53,5.59,,,16,3,0,0,1624,97,0,0,7.53,,,2026-08-09 01:00:25,False
STEAM_0:1:151997075,jed,GK,1,40,,,,5.6,0,0,0,1,0,0,0,28,5.6,,,2026-06-08 01:40:43,False
STEAM_0:1:658531620,JJS,DEF,5,354,5.42,5.05,5.84,,2,1,2,0,169,0,184,0,5.84,,,2025-05-19 22:27:46,False
STEAM_0:0:559611270,Joaquin Archivaldo Guzman Loera,ATK,3,138,5.73,5.05,,6.16,1,1,0,1,93,0,0,29,5.73,,,2025-04-28 02:59:31,False
STEAM_0:0:373226487,Jon Snow,DEF,1,49,,,5.74,,0,0,1,0,0,0,49,0,5.74,,,2026-08-22 22:07:36,False
STEAM_0:1:548456648,Jonny,ATK,14,615,5.9,5.06,,5.87,6,4,0,4,313,5,0,290,5.9,,,2025-05-25 00:35:20,False
STEAM_0:1:237308870,joota danel,MID,1,0,,5.07,,,0,1,0,0,0,0,0,0,5.07,,,2025-01-15 04:13:42,False
STEAM_0:0:236748586,Joshua19,DEF,9,643,,5.27,6.21,5.3,0,2,6,1,0,40,555,48,6.21,,,2026-06-18 21:27:36,False
STEAM_0:0:155973051,Jota,ATK,5,304,5.36,6.25,,5.5,2,1,0,2,103,123,0,78,5.36,,,2026-08-02 01:07:54,False
STEAM_0:0:554423460,jotape,MID,1,0,,5.07,,,0,1,0,0,0,0,0,0,5.07,,,2025-01-21 04:55:33,False
STEAM_0:0:429921877,Juancito Perez,MID,3,306,5.98,6.02,,,1,2,0,0,120,186,0,0,6.02,,,2026-05-10 18:48:20,False
STEAM_0:1:554693033,juiso de arros,MID,1,19,,5.24,,,0,1,0,0,0,19,0,0,5.24,,,2025-05-09 00:23:54,False
STEAM_0:0:4901026,Jumbo,ATK,2,157,5.83,,5.61,,1,0,1,0,93,0,64,0,5.83,,,2026-04-27 23:57:44,False
STEAM_0:0:634690091,jxxrios,MID,13,724,5.44,5.39,5.97,,2,6,5,0,183,196,323,0,5.39,,,2026-04-30 01:45:26,False
STEAM_0:1:641213959,Kako,DEF,8,470,6.11,5.05,5.89,,3,2,3,0,173,0,297,0,5.89,,,2026-08-15 05:30:24,False
STEAM_0:0:548660412,Kampesino,DEF,2,109,,,6.0,,0,0,2,0,0,0,105,0,6.0,,,2025-01-29 03:19:20,False
STEAM_0:0:399827352,kann,DEF,1,70,,,5.45,,0,0,1,0,0,0,70,0,5.45,,,2026-06-21 01:27:00,False
STEAM_0:0:917329525,kbpw,ATK,2,5,5.19,5.05,,,1,1,0,0,5,0,0,0,5.19,,,2026-02-07 20:24:16,False
STEAM_0:1:858576639,kcrs,MID,1,26,,5.06,,,0,1,0,0,0,26,0,0,5.06,,,2026-08-09 01:22:25,False
STEAM_0:1:641164947,Keni.,DEF,1,2,,,5.36,,0,0,1,0,0,0,2,0,5.36,,,2026-08-21 08:02:40,False
STEAM_0:1:397745758,key,MID,1,0,,5.22,,,0,1,0,0,0,0,0,0,5.22,,,2026-02-25 05:26:04,False
STEAM_0:0:520665210,Kimmich,ATK,1,110,6.1,,,,1,0,0,0,110,0,0,0,6.1,,,2025-11-27 05:56:55,False
STEAM_0:0:612826899,kimpempe,DEF,1,13,,,5.36,,0,0,1,0,0,0,13,0,5.36,,,2025-01-08 22:25:08,False
STEAM_0:1:553312094,klarinss12,DEF,1,10,,,5.56,,0,0,1,0,0,0,10,0,5.56,,,2025-03-15 00:48:55,False
STEAM_0:1:95699513,klarity,GK,11,530,,5.05,5.38,7.07,0,1,1,9,0,0,46,458,7.07,,,2026-05-21 01:12:01,False
STEAM_0:0:943664146,Kleison Bonheart,MID,4,106,5.19,5.05,5.69,,1,2,1,0,11,0,95,0,5.05,,,2025-11-24 05:37:53,False
STEAM_0:1:847569629,KOICHI,MID,3,281,,5.46,5.6,,0,2,1,0,0,201,80,0,5.46,,,2026-07-16 21:54:42,False
STEAM_0:1:409455252,Kojiro,MID,1,0,,5.07,,,0,1,0,0,0,0,0,0,5.07,,,2026-01-25 18:52:35,False
STEAM_0:1:581966558,Koltzy,DEF,1,61,,,5.68,,0,0,1,0,0,0,36,0,5.68,,,2026-07-22 01:06:15,False
STEAM_0:1:432581178,kr1b,DEF,1,46,,,5.68,,0,0,1,0,0,0,46,0,5.68,,,2025-03-15 00:48:55,False
STEAM_0:1:581506203,krosh,MID,1,0,,5.07,,,0,1,0,0,0,0,0,0,5.07,,,2025-05-14 22:52:16,False
STEAM_0:0:945235468,krug4,DEF,8,477,,6.45,5.64,5.44,0,2,5,1,0,134,227,77,5.64,,,2026-08-16 22:44:16,False
STEAM_0:0:817728928,Kuba,DEF,1,78,,,5.54,,0,0,1,0,0,0,78,0,5.54,,,2026-08-21 08:02:40,False
STEAM_0:1:645356802,kumarsito,DEF,1,43,,,5.54,,0,0,1,0,0,0,43,0,5.54,,,2025-03-25 01:13:37,False
STEAM_0:0:712458118,KvaraRashford,DEF,28,2675,5.4,5.44,7.69,,2,6,20,0,196,534,1944,0,7.69,,,2026-08-05 03:27:11,False
STEAM_0:0:622186525,Kylian Mbapp,DEF,1,9,,,5.38,,0,0,1,0,0,0,9,0,5.38,,,2025-05-02 20:42:25,False
STEAM_0:0:791689615,LaBeLo,DEF,1,93,,,5.75,,0,0,1,0,0,0,47,0,5.75,,,2025-02-18 01:57:21,False
STEAM_0:1:194282603,Lamine Yamal,DEF,10,793,5.31,,5.89,5.61,4,0,5,1,290,0,489,13,5.89,,,2026-07-21 07:34:13,False
STEAM_0:0:570105426,lamine yamal con 1.9,ATK,21,1460,6.41,5.47,6.0,5.61,13,4,3,1,1080,119,228,0,6.41,,,2025-05-11 00:14:46,False
STEAM_0:1:622514581,larryno,DEF,1,106,,,5.81,,0,0,1,0,0,0,106,0,5.81,,,2026-05-15 02:48:17,False
STEAM_0:1:234548871,LatripaXd08,DEF,37,2316,5.33,5.15,6.86,5.84,4,3,24,6,244,8,1873,113,6.86,,,2026-06-19 06:49:09,False
STEAM_0:0:637432708,Lau el negro pija.,ATK,2,6,5.13,5.05,,,1,1,0,0,6,0,0,0,5.13,,,2025-01-21 04:55:33,False
STEAM_0:1:628845865,LeBeLe,DEF,25,1559,5.73,5.3,6.66,,6,5,14,0,329,95,1096,0,6.66,,,2026-08-20 05:43:49,False
STEAM_0:0:215629385,Lego White Ninja,ATK,1,77,5.2,,,,1,0,0,0,77,0,0,0,5.2,,,2026-01-08 01:44:12,False
STEAM_0:0:496075436,Lemewnade,MID,1,0,,5.07,,,0,1,0,0,0,0,0,0,5.07,,,2025-11-15 03:02:20,False
STEAM_0:0:120385187,lemon,DEF,1,8,,,5.43,,0,0,1,0,0,0,8,0,5.43,,,2026-02-17 23:46:01,False
STEAM_0:0:669674913,ley,ATK,18,1134,6.03,6.11,5.74,,8,8,2,0,716,313,74,0,6.03,,,2026-03-02 01:18:45,False
STEAM_0:0:89875449,Light Skin Demon,ATK,1,67,5.81,,,,1,0,0,0,54,0,0,0,5.81,,,2025-03-06 02:27:11,False
STEAM_0:1:956824665,llanta,MID,1,0,,5.07,,,0,1,0,0,0,0,0,0,5.07,,,2025-07-07 23:01:27,False
STEAM_0:1:579734758,logan274,DEF,1,93,,,5.62,,0,0,1,0,0,0,93,0,5.62,,,2026-01-30 04:14:34,False
STEAM_0:0:605392290,Lord Racist,DEF,1,76,,,5.79,,0,0,1,0,0,0,76,0,5.79,,,2025-05-30 02:16:09,False
STEAM_0:1:7116806,Lua,MID,1,0,,5.07,,,0,1,0,0,0,0,0,0,5.07,,,2025-03-24 01:03:47,False
STEAM_0:1:720829060,Luar,MID,10,105,5.72,5.08,5.38,,1,7,2,0,83,0,22,0,5.08,,,2025-08-10 23:24:02,False
STEAM_0:1:619605547,Luar La L,MID,2,0,,5.05,,,0,2,0,0,0,0,0,0,5.05,,,2025-04-04 02:52:29,False
STEAM_0:1:931590691,Luca,ATK,1,93,5.34,,,,1,0,0,0,93,0,0,0,5.34,,,2025-05-08 00:37:57,False
STEAM_0:1:366602454,LuCAs,ATK,3,171,5.13,,5.55,5.62,1,0,1,1,78,0,70,22,5.13,,,2026-08-21 08:02:40,False
STEAM_0:0:584691227,Lucho,ATK,1,24,5.21,,,,1,0,0,0,24,0,0,0,5.21,,,2025-11-14 00:05:29,False
STEAM_0:0:708003064,Luciosril,DEF,1,133,,,6.08,,0,0,1,0,0,0,133,0,6.08,,,2026-08-07 01:56:12,False
STEAM_0:1:146650038,lupinhas,ATK,1,28,5.19,,,,1,0,0,0,28,0,0,0,5.19,,,2026-02-05 02:15:16,False
STEAM_0:1:391671941,lyojan74,DEF,1,0,,,5.36,,0,0,1,0,0,0,0,0,5.36,,,2026-06-14 03:36:42,False
STEAM_0:0:961864699,M.Hany,ATK,2,165,5.37,,,5.48,1,0,0,1,96,0,0,36,5.37,,,2026-06-18 18:36:46,False
STEAM_0:1:942487096,M4rion,ATK,27,1594,5.77,5.43,6.19,,12,5,10,0,700,385,500,0,5.77,,,2026-07-27 01:19:49,False
STEAM_0:0:153735557,macculus,DEF,10,915,5.19,,6.13,,3,0,7,0,218,0,694,0,6.13,,,2026-07-25 23:49:23,False
STEAM_0:1:814085014,maddox.a.salazar,ATK,1,43,5.38,,,,1,0,0,0,43,0,0,0,5.38,,,2026-08-02 05:59:01,False
STEAM_0:1:452465655,mael,MID,1,0,,5.07,,,0,1,0,0,0,0,0,0,5.07,,,2026-02-06 21:35:29,False
STEAM_0:0:610176449,Maestro Splinter,ATK,3,94,5.26,,,,3,0,0,0,94,0,0,0,5.26,,,2025-05-25 03:21:36,False
STEAM_0:0:764986577,magano,ATK,9,529,5.24,5.05,5.45,,6,1,2,0,473,0,54,0,5.24,,,2026-05-05 02:19:29,False
STEAM_0:0:436040412,Magma,ATK,1,92,6.12,,,,1,0,0,0,92,0,0,0,6.12,,,2025-02-02 19:29:18,False
STEAM_0:1:200525073,Magma,MID,2,130,,6.19,5.42,,0,1,1,0,0,117,13,0,6.19,,,2026-03-23 21:56:08,False
STEAM_0:0:521490581,Maldini,DEF,2,93,,5.05,6.29,,0,1,1,0,0,0,93,0,6.29,,,2026-01-09 22:48:58,False
STEAM_0:1:613666181,MALDINI POLLA GRANDE33,ATK,5,398,5.81,,5.72,,4,0,1,0,303,0,48,0,5.81,,,2026-03-02 01:18:45,False
STEAM_0:1:865257010,Marcelo,DEF,4,194,5.45,5.89,5.56,,1,1,2,0,93,0,52,0,5.56,,,2026-03-03 20:44:52,False
STEAM_0:0:120938788,markus,DEF,4,331,,,6.4,6.04,0,0,3,1,0,0,231,99,6.4,,,2026-02-08 22:41:24,False
STEAM_0:1:929395048,markus,MID,1,0,,5.07,,,0,1,0,0,0,0,0,0,5.07,,,2025-12-30 04:47:37,False
STEAM_0:1:106825836,MARTEEEN,DEF,1,55,,,5.73,,0,0,1,0,0,0,55,0,5.73,,,2026-02-23 04:03:14,False
STEAM_0:1:956109294,martin521077,MID,1,0,,5.07,,,0,1,0,0,0,0,0,0,5.07,,,2025-06-29 20:38:11,False
STEAM_0:1:189794746,matias,DEF,8,720,5.46,6.31,6.32,,1,2,5,0,94,142,380,0,6.32,,,2025-02-14 23:56:26,False
STEAM_0:1:762280994,matiasmedranda65,DEF,2,102,5.21,,5.82,,1,0,1,0,1,0,101,0,5.82,,,2026-05-17 00:54:58,False
STEAM_0:0:590069097,Mauricio Rosales,MID,1,0,,5.07,,,0,1,0,0,0,0,0,0,5.07,,,2025-04-24 03:11:09,False
STEAM_0:1:207573460,MaximGM,MID,1,93,,5.29,,,0,1,0,0,0,93,0,0,5.29,,,2025-04-07 22:48:01,False
STEAM_0:1:786602781,McNeil,DEF,4,160,5.43,6.3,6.23,5.39,1,1,1,1,74,0,82,5,6.23,,,2026-07-03 23:57:51,False
STEAM_0:0:158232016,me gusta pollo,MID,3,5,,5.05,5.36,,0,2,1,0,0,0,5,0,5.05,,,2025-08-06 01:33:16,False
STEAM_0:1:1975079,meany,MID,24,1855,6.17,6.31,6.92,,2,13,9,0,230,811,772,0,6.31,,,2026-04-29 03:03:59,False
STEAM_0:1:502515102,mezzi,ATK,2,92,5.82,5.05,,,1,1,0,0,92,0,0,0,5.82,,,2025-05-21 01:41:40,False
STEAM_0:0:628924598,MIBOMBO,DEF,9,537,5.42,5.05,5.79,5.61,2,2,4,1,173,2,355,6,5.79,,,2026-04-06 01:15:59,False
STEAM_0:1:580837006,Michael,ATK,3,228,5.8,5.26,,,2,1,0,0,163,46,0,0,5.8,,,2025-03-16 02:04:54,False
STEAM_0:1:397425194,mige,DEF,2,195,,,5.93,,0,0,2,0,0,0,195,0,5.93,,,2026-02-19 02:33:31,False
STEAM_0:0:630644810,Mkzzz,DEF,49,3779,6.88,5.65,7.12,5.54,12,9,27,1,1001,215,2377,46,7.12,,,2026-08-05 02:06:44,False
STEAM_0:0:410956796,Mnkyy,DEF,2,96,,5.05,5.89,,0,1,1,0,0,0,96,0,5.89,,,2026-02-02 04:34:23,False
STEAM_0:1:616070769,Mogoliko,ATK,1,99,5.14,,,,1,0,0,0,99,0,0,0,5.14,,,2026-05-10 02:06:10,False
STEAM_0:0:939892651,Momo,MID,3,131,,5.56,,,0,3,0,0,0,131,0,0,5.56,,,2026-02-23 04:03:14,False
STEAM_0:1:60839515,Morro Garcia9#ARBIIII,ATK,4,134,5.37,5.05,5.43,,2,1,1,0,101,0,33,0,5.37,,,2026-07-11 23:42:00,False
STEAM_0:0:524493522,mr juan,MID,1,99,,5.6,,,0,1,0,0,0,59,0,0,5.6,,,2026-05-01 03:46:53,False
STEAM_0:0:941370125,mr.Nonchlant,MID,2,0,,5.05,,,0,2,0,0,0,0,0,0,5.05,,,2025-06-29 07:51:28,False
STEAM_0:1:595476144,mr_pickles,MID,1,0,,5.07,,,0,1,0,0,0,0,0,0,5.07,,,2026-01-10 02:14:52,False
STEAM_0:1:576958660,MSN,DEF,3,142,5.23,5.05,5.89,,1,1,1,0,49,0,93,0,5.89,,,2026-06-26 22:13:55,False
STEAM_0:0:645894343,mtxxsx,MID,1,47,,5.13,,,0,1,0,0,0,47,0,0,5.13,,,2025-04-27 19:03:23,False
STEAM_0:1:418025456,Myrex,DEF,2,196,,,5.74,,0,0,2,0,0,0,196,0,5.74,,,2026-08-06 02:12:41,False
STEAM_0:0:713392895,n1x,DEF,2,59,,5.05,5.78,,0,1,1,0,0,0,59,0,5.78,,,2025-02-21 23:35:57,False
STEAM_0:0:406934671,NAJM,MID,1,3,,5.07,,,0,1,0,0,0,3,0,0,5.07,,,2026-03-27 23:22:49,False
STEAM_0:0:369786724,nando er huevo,ATK,1,47,5.2,,,,1,0,0,0,47,0,0,0,5.2,,,2026-07-03 00:21:07,False
STEAM_0:0:402091220,nani,DEF,18,1826,5.23,,6.58,,1,0,17,0,101,0,1725,0,6.58,,,2026-06-07 00:51:14,False
STEAM_0:1:207059805,Navas,DEF,1,98,,,5.78,,0,0,1,0,0,0,98,0,5.78,,,2026-01-09 23:38:36,False
STEAM_0:1:627914072,Nazario,ATK,1,12,5.18,,,,1,0,0,0,12,0,0,0,5.18,,,2025-09-28 20:31:39,False
STEAM_0:1:839574523,NERKELES,MID,1,0,,5.07,,,0,1,0,0,0,0,0,0,5.07,,,2025-04-01 01:38:07,False
STEAM_0:0:818080739,Newklozz,DEF,1,47,,,5.69,,0,0,1,0,0,0,47,0,5.69,,,2025-02-07 21:00:53,False
STEAM_0:0:582227167,nexZ,MID,5,465,,5.95,5.92,,0,4,1,0,0,372,93,0,5.95,,,2026-04-11 19:52:10,False
STEAM_0:0:63653833,NeymarJR,ATK,18,1593,6.41,5.83,5.43,5.92,10,1,5,2,879,96,475,63,6.41,,,2026-04-28 02:09:12,False
STEAM_0:1:572996316,Nezm,MID,1,73,,5.31,,,0,1,0,0,0,73,0,0,5.31,,,2026-07-01 23:02:59,False
STEAM_0:1:796244694,NiNaTo,ATK,15,1432,7.05,6.17,5.96,,11,1,3,0,992,94,294,0,7.05,,,2026-07-26 03:50:44,False
STEAM_0:1:19983526,nuri,ATK,7,604,6.24,6.62,5.55,,4,2,1,0,367,150,34,0,6.24,,,2025-11-06 05:12:23,False
STEAM_0:0:13866256,ObiWan #23,DEF,1,34,,,5.64,,0,0,1,0,0,0,34,0,5.64,,,2026-05-28 01:28:43,False
STEAM_0:1:229746586,OH,MID,1,0,,5.07,,,0,1,0,0,0,0,0,0,5.07,,,2026-02-25 05:26:04,False
STEAM_0:0:585527483,omg1v1pls,DEF,17,1515,5.8,,6.65,,4,0,13,0,435,0,997,0,6.65,,,2025-08-11 23:19:53,False
STEAM_0:0:382005052,Oryx,MID,1,23,,5.07,,,0,1,0,0,0,23,0,0,5.07,,,2026-03-19 02:12:37,False
STEAM_0:1:200387254,Pablow,MID,4,318,5.98,6.71,,,2,2,0,0,127,191,0,0,6.71,,,2026-02-21 22:06:38,False
STEAM_0:0:540393396,pacci,MID,1,0,,5.07,,,0,1,0,0,0,0,0,0,5.07,,,2025-04-19 20:38:39,False
STEAM_0:0:591512946,Palma,MID,1,0,,5.07,,,0,1,0,0,0,0,0,0,5.07,,,2025-09-28 20:31:39,False
STEAM_0:1:790102513,PANCHOOOO,ATK,1,27,5.19,,,,1,0,0,0,12,0,0,0,5.19,,,2025-05-06 19:26:06,False
STEAM_0:0:619503331,paolon,ATK,9,463,5.94,5.59,5.44,,4,4,1,0,317,56,51,0,5.94,,,2025-08-21 22:13:17,False
STEAM_0:1:947735601,PAPALETA,MID,1,0,,5.07,,,0,1,0,0,0,0,0,0,5.07,,,2025-09-27 02:08:02,False
STEAM_0:1:714861490,Papuu,DEF,1,37,,,5.45,,0,0,1,0,0,0,37,0,5.45,,,2026-05-10 02:32:54,False
STEAM_0:0:954354920,parasite,MID,1,0,,5.05,,,0,1,0,0,0,0,0,0,5.05,,,2026-02-25 05:26:04,False
STEAM_0:0:489631589,pastel de nata,ATK,28,2472,6.83,6.17,6.54,5.61,14,6,7,1,1310,442,579,10,6.83,,,2026-08-06 02:12:41,False
STEAM_0:0:568262405,Pebrot LaLaLa,DEF,2,195,,,5.54,,0,0,2,0,0,0,148,0,5.54,,,2026-06-26 00:20:34,False
STEAM_0:0:580012006,PELE,DEF,3,30,,5.05,5.42,,0,1,2,0,0,0,30,0,5.42,,,2025-10-02 00:09:52,False
STEAM_0:0:763127724,pelusa,DEF,2,92,,,6.04,,0,0,2,0,0,0,63,0,6.04,,,2025-05-09 00:23:54,False
STEAM_0:1:783901997,Pepe Martines Streamer,GK,2,46,,,,6.0,0,0,0,2,0,0,0,46,6.0,,,2026-06-15 21:34:08,False
STEAM_0:1:950175998,pepe martines te amo zoe,DEF,2,129,,,5.66,,0,0,2,0,0,0,118,0,5.66,,,2026-06-15 01:49:34,False
STEAM_0:0:128941826,PERRA INSACIABLE,DEF,1,86,,,5.55,,0,0,1,0,0,0,86,0,5.55,,,2026-01-31 00:16:19,False
STEAM_0:1:629426995,Perro123,MID,1,0,,5.07,,,0,1,0,0,0,0,0,0,5.07,,,2025-07-18 04:14:00,False
STEAM_0:1:862849557,pesu,DEF,2,179,5.35,,5.85,,1,0,1,0,86,0,93,0,5.85,,,2025-10-11 05:13:03,False
STEAM_0:1:516321006,pimpdown,ATK,22,1865,6.95,6.26,6.02,,13,5,4,0,1158,385,322,0,6.95,,,2026-07-04 21:34:42,False
STEAM_0:0:500399852,pirri al que someten,GK,1,31,,,,5.9,0,0,0,1,0,0,0,31,5.9,,,2025-03-15 00:48:55,False
STEAM_0:1:900065944,Pitbull.,ATK,1,92,5.49,,,,1,0,0,0,46,0,0,0,5.49,,,2025-05-06 19:26:06,False
STEAM_0:0:599674750,pitufo.,DEF,2,160,,,5.88,,0,0,2,0,0,0,160,0,5.88,,,2025-02-02 23:08:05,False
STEAM_0:1:546343924,pokey,DEF,4,373,,5.47,6.14,,0,1,3,0,0,94,240,0,6.14,,,2026-08-13 00:38:16,False
STEAM_0:1:896237587,Polars Best Friend,ATK,27,1466,6.54,5.15,5.96,6.08,10,5,4,8,854,5,240,305,6.54,,,2026-07-05 07:13:09,False
STEAM_0:1:784653592,PrimeBaldMartin,MID,1,0,,5.07,,,0,1,0,0,0,0,0,0,5.07,,,2026-01-14 21:03:25,False
STEAM_0:0:566482325,Prosor,ATK,1,12,5.21,,,,1,0,0,0,12,0,0,0,5.21,,,2025-07-01 01:53:45,False
STEAM_0:0:534882985,pussy destroyer,DEF,2,56,,5.05,6.0,,0,1,1,0,0,0,54,0,6.0,,,2025-03-22 19:52:15,False
STEAM_0:0:557874496,pw?,ATK,3,313,6.16,,,,3,0,0,0,313,0,0,0,6.16,,,2026-01-09 22:48:58,False
STEAM_0:0:753743685,quper,MID,1,0,,5.07,,,0,1,0,0,0,0,0,0,5.07,,,2025-08-01 04:55:11,False
STEAM_0:0:576072296,r$dvy,ATK,3,198,5.58,,5.41,,2,0,1,0,177,0,21,0,5.58,,,2026-01-25 21:25:33,False
STEAM_0:1:545627969,Raton perez,DEF,1,54,,,5.57,,0,0,1,0,0,0,54,0,5.57,,,2026-06-21 22:28:03,False
STEAM_0:1:171360640,Rav,MID,1,0,,5.07,,,0,1,0,0,0,0,0,0,5.07,,,2026-02-21 00:06:59,False
STEAM_0:0:404959098,rave,MID,1,0,,5.07,,,0,1,0,0,0,0,0,0,5.07,,,2025-11-22 00:52:48,False
STEAM_0:1:616501621,rave,ATK,6,349,5.23,,5.99,,5,0,1,0,261,0,50,0,5.23,,,2026-06-21 21:08:58,False
STEAM_0:1:937347158,rave,MID,1,0,,5.07,,,0,1,0,0,0,0,0,0,5.07,,,2025-03-14 00:19:33,False
STEAM_0:0:408779796,Reebok,DEF,3,226,,5.12,5.75,,0,1,2,0,0,0,226,0,5.75,,,2026-02-23 04:03:14,False
STEAM_0:0:529937721,Rego,GK,3,86,,5.05,5.4,5.96,0,1,1,1,0,0,2,82,5.96,,,2025-08-23 03:29:15,False
STEAM_0:1:214000901,Remek,GK,2,1,,5.05,,5.61,0,1,0,1,0,0,0,1,5.61,,,2026-02-21 00:06:59,False
STEAM_0:1:455899548,renko,MID,1,0,,5.07,,,0,1,0,0,0,0,0,0,5.07,,,2025-03-10 00:25:08,False
STEAM_0:0:838440378,RenT,DEF,7,251,,5.05,5.78,,0,1,6,0,0,0,251,0,5.78,,,2025-08-02 00:13:58,False
STEAM_0:0:758804014,Restrepo11,DEF,1,93,,,5.45,,0,0,1,0,0,0,93,0,5.45,,,2026-03-29 02:37:55,False
STEAM_0:1:574160535,Reyveron,DEF,7,325,,5.17,5.79,,0,3,4,0,0,68,240,0,5.79,,,2025-08-03 02:00:18,False
STEAM_0:0:573761596,Rfoa Bldo,MID,2,189,6.24,6.0,,,1,1,0,0,89,100,0,0,6.0,,,2026-06-17 22:07:10,False
STEAM_0:0:97705158,Richard,ATK,4,312,6.1,,,,4,0,0,0,312,0,0,0,6.1,,,2025-02-20 19:12:52,False
STEAM_0:0:398800096,rid,ATK,1,97,6.06,,,,1,0,0,0,97,0,0,0,6.06,,,2026-01-10 02:14:52,False
STEAM_0:0:59074100,Roca,DEF,2,9,,5.05,5.45,,0,1,1,0,0,0,9,0,5.45,,,2026-08-22 22:07:36,False
STEAM_0:1:559203160,Rockinho,MID,1,0,,5.07,,,0,1,0,0,0,0,0,0,5.07,,,2025-04-15 03:31:03,False
STEAM_0:0:654573574,Ronaldo Prime 2011,DEF,3,186,5.97,5.05,6.08,,1,1,1,0,48,0,93,0,6.08,,,2025-11-09 01:03:37,False
STEAM_0:1:445699118,rorro,ATK,5,462,6.18,5.63,,,4,1,0,0,371,47,0,0,6.18,,,2025-06-22 03:59:21,False
STEAM_0:1:937549208,rustycar,MID,1,0,,5.07,,,0,1,0,0,0,0,0,0,5.07,,,2026-02-06 19:56:14,False
STEAM_0:1:721701255,rzin,MID,16,1126,5.47,6.64,6.07,,1,8,7,0,97,548,388,0,6.64,,,2026-07-17 23:23:18,False
STEAM_0:1:964304997,s1,ATK,1,7,5.18,,,,1,0,0,0,7,0,0,0,5.18,,,2025-09-28 00:13:40,False
STEAM_0:1:631385099,saes,MID,1,0,,5.07,,,0,1,0,0,0,0,0,0,5.07,,,2025-01-09 23:40:22,False
STEAM_0:1:929106547,SaltMan,ATK,1,100,5.43,,,,1,0,0,0,100,0,0,0,5.43,,,2026-06-17 22:07:10,False
STEAM_0:1:822672358,samirgoty,DEF,30,2192,5.74,5.3,6.89,,6,6,18,0,525,98,1563,0,6.89,,,2026-04-13 02:25:37,False
STEAM_0:0:935322498,sandia,ATK,15,1045,6.17,5.35,5.45,,8,2,5,0,579,58,237,0,6.17,,,2025-06-08 00:30:29,False
STEAM_0:0:196395683,sane,DEF,2,92,,5.05,5.67,,0,1,1,0,0,0,92,0,5.67,,,2026-02-04 04:03:37,False
STEAM_0:0:401630076,santana,ATK,2,103,5.77,,5.36,,1,0,1,0,98,0,4,0,5.77,,,2026-05-24 19:17:35,False
STEAM_0:0:587789640,seantharx,ATK,1,47,5.67,,,,1,0,0,0,47,0,0,0,5.67,,,2026-07-03 00:21:07,False
STEAM_0:0:386833440,Senne Lammens,GK,1,4,,,,5.67,0,0,0,1,0,0,0,4,5.67,,,2026-03-03 20:44:52,False
STEAM_0:1:956256961,sexo,DEF,2,143,5.48,,5.79,,1,0,1,0,69,0,74,0,5.79,,,2025-07-01 03:16:55,False
STEAM_0:1:758957663,shara bullet,MID,2,0,,5.05,,,0,2,0,0,0,0,0,0,5.05,,,2025-11-18 23:47:57,False
STEAM_0:1:898024765,sheepey,ATK,11,738,6.19,5.06,5.87,,7,3,1,0,645,0,47,0,6.19,,,2025-12-14 23:23:15,False
STEAM_0:0:514087473,shodabear,MID,1,0,,5.07,,,0,1,0,0,0,0,0,0,5.07,,,2025-04-06 01:28:20,False
STEAM_0:0:9330823,Simao,DEF,7,530,5.98,5.93,6.59,,2,2,3,0,169,93,268,0,6.59,,,2025-06-04 00:49:15,False
STEAM_0:1:853442827,Skii,DEF,3,326,5.25,,5.84,,1,0,2,0,68,0,226,0,5.84,,,2026-04-11 23:12:49,False
STEAM_0:0:184861085,skipi,DEF,10,450,,5.23,6.23,,0,5,5,0,0,28,377,0,6.23,,,2026-08-09 05:50:49,False
STEAM_0:0:569924402,skuza,DEF,13,1264,5.58,,6.51,,3,0,10,0,296,0,968,0,6.51,,,2026-05-08 02:33:10,False
STEAM_0:0:743006338,slabed,ATK,8,655,6.45,6.06,6.52,,4,1,3,0,294,94,211,0,6.45,,,2025-11-13 21:07:49,False
STEAM_0:0:63419956,Slasher,ATK,8,706,5.22,,,,8,0,0,0,706,0,0,0,5.22,,,2025-05-30 02:44:16,False
STEAM_0:1:665645215,Slumby,DEF,4,259,,5.05,6.03,,0,1,3,0,0,0,259,0,6.03,,,2025-04-27 21:17:32,False
STEAM_0:0:359675904,Smoothed,ATK,4,395,5.83,,5.57,,3,0,1,0,311,0,84,0,5.83,,,2026-08-21 08:02:40,False
STEAM_0:1:566337840,Smoothly_Kun,DEF,4,274,,,6.09,,0,0,4,0,0,0,274,0,6.09,,,2025-02-20 01:27:29,False
STEAM_0:0:571387394,Snake,MID,1,0,,6.11,,,0,1,0,0,0,0,0,0,6.11,,,2026-03-02 21:58:18,False
STEAM_0:0:208435993,snek,DEF,1,93,,,6.16,,0,0,1,0,0,0,93,0,6.16,,,2025-03-05 03:12:17,False
STEAM_0:1:480266270,sno,DEF,1,71,,,5.89,,0,0,1,0,0,0,71,0,5.89,,,2025-04-07 22:48:01,False
STEAM_0:1:868962708,son yubo,ATK,5,456,5.75,,6.19,5.76,2,0,2,1,203,0,156,49,5.75,,,2026-06-18 20:12:47,False
STEAM_0:1:575037006,spanska,DEF,3,237,,,5.99,5.44,0,0,2,1,0,0,152,36,5.99,,,2026-04-12 22:10:09,False
STEAM_0:1:685229253,SpeeD,MID,3,159,5.19,6.38,5.92,,1,1,1,0,0,97,62,0,6.38,,,2026-08-01 21:24:16,False
STEAM_0:0:609364134,spn,DEF,1,92,,,5.75,,0,0,1,0,0,0,92,0,5.75,,,2025-06-21 00:40:34,False
STEAM_0:1:934906085,SportyS,DEF,4,253,5.61,,6.02,,1,0,3,0,46,0,207,0,6.02,,,2025-05-11 05:12:50,False
STEAM_0:0:693299256,SR Second Alexander Casstle,MID,2,0,,5.05,,,0,2,0,0,0,0,0,0,5.05,,,2025-05-07 00:42:45,False
STEAM_0:0:706506423,SSJ,MID,1,67,,5.45,,,0,1,0,0,0,61,0,0,5.45,,,2025-05-06 19:26:06,False
STEAM_0:1:773113745,Starca010,ATK,1,45,5.19,,,,1,0,0,0,45,0,0,0,5.19,,,2025-11-15 01:01:48,False
STEAM_0:1:761906813,Starvin' Marvin,DEF,11,307,5.18,5.09,5.62,5.84,2,3,4,2,50,21,169,47,5.62,,,2026-06-30 23:47:19,False
STEAM_0:0:928640141,SuRend,ATK,1,34,5.56,,,,1,0,0,0,34,0,0,0,5.56,,,2026-04-09 21:37:19,False
STEAM_0:0:959611536,Taarabt,DEF,1,2,,,5.36,,0,0,1,0,0,0,2,0,5.36,,,2026-01-23 04:02:56,False
STEAM_0:0:596540524,Taj',ATK,2,137,5.82,5.43,,,1,1,0,0,93,44,0,0,5.82,,,2025-08-02 22:23:18,False
STEAM_0:1:555397418,tann3r;,DEF,4,294,,,6.46,5.61,0,0,3,1,0,0,286,6,6.46,,,2026-06-07 21:58:56,False
STEAM_0:0:554189067,Tapatanga,ATK,1,56,5.77,,,,1,0,0,0,56,0,0,0,5.77,,,2025-03-15 00:48:55,False
STEAM_0:1:516910308,Tarik,MID,3,299,,6.5,,,0,3,0,0,0,215,0,0,6.5,,,2026-08-06 02:12:41,False
STEAM_0:0:419092027,taZ,GK,2,47,5.21,,,5.86,1,0,0,1,16,0,0,31,5.86,,,2026-06-19 01:12:58,False
STEAM_0:1:702022120,tebann,ATK,10,663,5.63,5.44,,5.34,7,2,0,1,498,63,0,51,5.63,,,2026-07-21 21:36:19,False
STEAM_0:0:548966766,Teclado,DEF,13,1198,,5.48,6.26,,0,1,12,0,0,107,1054,0,6.26,,,2026-07-23 02:14:21,False
STEAM_0:1:230407773,tedri,MID,1,77,,5.21,,,0,1,0,0,0,77,0,0,5.21,,,2026-06-08 01:40:43,False
STEAM_0:1:105274742,Test Object 1,ATK,4,302,6.19,6.4,,,2,2,0,0,184,96,0,0,6.19,,,2025-06-10 03:43:50,False
STEAM_0:1:960101563,the nigger,ATK,6,175,5.08,5.05,5.36,,3,2,1,0,166,0,8,0,5.08,,,2025-12-17 03:42:07,False
STEAM_0:0:955923246,Thekevin32,MID,2,189,,6.17,,,0,2,0,0,0,189,0,0,6.17,,,2025-07-29 21:12:15,False
STEAM_0:1:550647127,time,DEF,1,84,,,5.86,,0,0,1,0,0,0,84,0,5.86,,,2026-03-27 05:39:07,False
STEAM_0:0:803464681,Tinho,MID,7,488,5.37,6.08,,5.93,1,5,0,1,92,272,0,42,6.08,,,2025-05-20 02:07:24,False
STEAM_0:1:896568847,tinho,ATK,1,125,6.06,,,,1,0,0,0,125,0,0,0,6.06,,,2025-11-02 03:38:46,False
STEAM_0:1:404822374,Todologo,MID,1,0,,5.07,,,0,1,0,0,0,0,0,0,5.07,,,2026-02-11 00:13:10,False
STEAM_0:0:634869277,tookey,ATK,41,2824,6.68,6.02,6.49,6.17,14,7,10,10,1086,355,800,420,6.68,,,2026-01-24 23:05:37,False
STEAM_0:0:929127914,Trab,MID,1,0,,5.07,,,0,1,0,0,0,0,0,0,5.07,,,2025-03-29 17:30:08,False
STEAM_0:1:930943393,Trab,MID,1,0,,5.07,,,0,1,0,0,0,0,0,0,5.07,,,2025-03-08 20:05:45,False
STEAM_0:1:932162165,"tung marat ?""""""""",DEF,3,227,5.44,,5.96,5.48,1,0,1,1,100,0,102,26,5.96,,,2026-06-18 20:12:47,False
STEAM_0:0:661965551,Twentyno,MID,1,0,,5.07,,,0,1,0,0,0,0,0,0,5.07,,,2025-05-17 20:21:12,False
STEAM_0:0:785930707,UltimaIC,MID,1,54,,5.81,,,0,1,0,0,0,31,0,0,5.81,,,2026-08-22 22:07:36,False
STEAM_0:0:652976830,VaLlEgOaT,DEF,4,147,,5.4,5.7,5.39,0,1,2,1,0,0,110,35,5.7,,,2026-07-03 00:21:07,False
STEAM_0:0:649855797,Valverde,ATK,1,3,5.19,,,,1,0,0,0,3,0,0,0,5.19,,,2026-03-15 20:41:20,False
STEAM_0:0:145838481,valya,DEF,1,18,,,5.59,,0,0,1,0,0,0,18,0,5.59,,,2026-01-05 02:06:19,False
STEAM_0:1:542660984,Vendelin,DEF,1,72,,,5.94,,0,0,1,0,0,0,48,0,5.94,,,2025-05-01 01:03:53,False
STEAM_0:0:187022794,vincenchus,DEF,1,3,,,5.36,,0,0,1,0,0,0,3,0,5.36,,,2026-03-23 00:38:03,False
STEAM_0:1:758950542,vini,MID,34,2013,6.59,7.53,6.72,6.21,2,20,8,4,130,905,661,211,7.53,,,2026-07-31 00:51:10,False
STEAM_0:1:562471076,visix,ATK,3,136,5.2,5.05,,,2,1,0,0,136,0,0,0,5.2,,,2026-03-14 21:19:44,False
STEAM_0:0:632278086,w w w,ATK,3,252,6.12,,,,3,0,0,0,252,0,0,0,6.12,,,2025-02-27 01:21:50,False
STEAM_0:1:571823699,wasaaa,ATK,1,93,6.17,,,,1,0,0,0,93,0,0,0,6.17,,,2025-10-24 00:24:48,False
STEAM_0:0:958989309,WASKITA,DEF,2,51,,,5.81,,0,0,2,0,0,0,51,0,5.81,,,2025-10-23 02:57:33,False
STEAM_0:0:620402824,wass,DEF,1,82,,,5.89,,0,0,1,0,0,0,78,0,5.89,,,2026-07-03 23:57:51,False
STEAM_0:1:604151973,Westik,DEF,3,124,,,5.29,5.61,0,0,2,1,0,0,87,5,5.29,,,2026-06-18 20:12:47,False
STEAM_0:0:759471649,Wex,ATK,21,1184,6.38,5.24,5.88,,10,7,4,0,848,34,237,0,6.38,,,2025-07-27 04:55:36,False
STEAM_0:0:756882338,why?,MID,2,229,6.04,6.15,,,1,1,0,0,95,134,0,0,6.15,,,2026-06-15 01:49:34,False
STEAM_0:0:529065501,willplays08,ATK,3,268,5.69,5.89,,,2,1,0,0,192,75,0,0,5.69,,,2026-02-12 06:55:24,False
STEAM_0:1:945116291,Wonx,GK,1,9,,,,5.62,0,0,0,1,0,0,0,9,5.62,,,2026-08-03 05:26:30,False
STEAM_0:0:561764298,xanjo,DEF,3,246,,,6.1,,0,0,3,0,0,0,246,0,6.1,,,2025-05-02 19:03:49,False
STEAM_0:0:956706933,XenX,DEF,9,571,5.37,5.05,6.3,,2,2,5,0,191,0,379,0,6.3,,,2026-02-26 03:33:15,False
STEAM_0:1:929702296,xRaiku,MID,1,0,,5.07,,,0,1,0,0,0,0,0,0,5.07,,,2026-02-06 19:56:14,False
STEAM_0:0:596096483,xva,ATK,2,185,6.47,,,,2,0,0,0,185,0,0,0,6.47,,,2025-02-27 01:21:50,False
STEAM_0:1:709565802,Xxx$SphynX$XX,DEF,2,219,,,6.07,,0,0,2,0,0,0,193,0,6.07,,,2026-05-04 02:26:32,False
STEAM_0:1:539806282,yleo,ATK,1,97,5.43,,,,1,0,0,0,97,0,0,0,5.43,,,2026-03-08 01:48:20,False
STEAM_0:1:362356728,Yonaiker 19,DEF,16,1301,5.4,,5.99,,4,0,12,0,266,0,1013,0,5.99,,,2026-07-14 02:18:04,False
STEAM_0:0:951858644,yoshiwa,ATK,2,188,5.39,,,,2,0,0,0,181,0,0,0,5.39,,,2025-10-10 19:09:34,False
STEAM_0:0:925712824,yw1n,MID,3,207,,5.62,6.05,5.64,0,1,1,1,0,94,93,20,5.62,,,2024-12-29 20:07:04,False
STEAM_0:1:4345,zamalito,MID,13,334,5.19,5.23,5.95,,3,9,1,0,132,55,128,0,5.23,,,2026-07-21 07:34:13,False
STEAM_0:1:620821697,zamba,MID,13,709,6.15,6.15,5.78,,2,10,1,0,228,385,96,0,6.15,,,2026-06-30 23:47:19,False
STEAM_0:0:811596174,zell,ATK,1,92,6.1,,,,1,0,0,0,92,0,0,0,6.1,,,2025-05-06 19:26:06,False
STEAM_0:1:154204578,ZhadoW,ATK,1,94,5.41,,,,1,0,0,0,94,0,0,0,5.41,,,2025-02-02 17:03:55,False
STEAM_0:1:160687145,Zizou,MID,1,0,,5.07,,,0,1,0,0,0,0,0,0,5.07,,,2026-02-07 22:27:54,False
STEAM_0:0:216661669,zlatan,ATK,19,1759,6.64,6.38,5.88,,8,7,4,0,858,556,277,0,6.64,,,2026-05-28 02:30:17,False
STEAM_0:0:638812781,zoe,MID,11,9,5.18,5.08,5.39,,1,9,1,0,1,0,8,0,5.08,,,2026-01-08 04:13:26,False
STEAM_0:0:545451884,zte,DEF,1,70,,,6.0,,0,0,1,0,0,0,70,0,6.0,,,2026-07-01 23:02:59,False
STEAM_0:1:459984071,zundron,DEF,1,49,,,5.43,,0,0,1,0,0,0,49,0,5.43,,,2026-04-23 19:06:28,False
STEAM_0:0:954587137,ZXF,DEF,1,6,,,5.36,,0,0,1,0,0,0,6,0,5.36,,,2026-07-30 03:10:25,False
STEAM_0:0:388586694,вор  emil67,DEF,1,4,,,5.36,,0,0,1,0,0,0,4,0,5.36,,,2026-05-17 21:35:24,False
STEAM_0:1:912129392,госуслуги,DEF,1,48,,,5.62,,0,0,1,0,0,0,48,0,5.62,,,2026-01-10 03:58:51,False
