steamid,player,position,appearances,finalRating
BOT,IOSCA GA | Source TV,,49,
STEAM_0:0:112392907,Never got good,LB,28,7.07
STEAM_0:0:115494837,eSlicer,GK,168,7.24
STEAM_0:0:115985751,Chuky,CM,116,7.14
STEAM_0:0:120938788,tole tole,LB,3,6.33
STEAM_0:0:12997958,Entz,CM,6,6.64
STEAM_0:0:13346995,fang,CM,1,5.73
STEAM_0:0:138368601,abe,RW,3,6.3
STEAM_0:0:14773237,unnamed,GK,6,6.74
STEAM_0:0:153856297,Cian,LW,1,5.72
STEAM_0:0:155973051,pitua.,RW,1,5.72
STEAM_0:0:158232016,Gabriel Jesus,LB,3,6.33
STEAM_0:0:174917589,Bussetto,,1,
STEAM_0:0:180990394,croco33,,1,
STEAM_0:0:181446836,Tung tung tung tung tung sahur,CB,1,5.74
STEAM_0:0:184861085,skipi,CM,8,6.74
STEAM_0:0:196395683,sane,LB,1,5.74
STEAM_0:0:196859543,CheezyChips,LW,4,6.45
STEAM_0:0:208435993,snek,LB,1,5.74
STEAM_0:0:210480982,Guille2610,LB,17,6.99
STEAM_0:0:216661669,zlatan,RW,4,6.45
STEAM_0:0:223749320,don kbrn,LB,20,7.02
STEAM_0:0:227155941,abou,LW,1,5.72
STEAM_0:0:236748586,Joshua19,,1,
STEAM_0:0:252753,BEAST,LW,12,6.86
STEAM_0:0:31014794,gennaro,RB,45,7.13
STEAM_0:0:42043307,gahyun,CM,15,6.92
STEAM_0:0:423977434,Pisco,RW,204,8.99
STEAM_0:0:43593813,Fedza,,1,
STEAM_0:0:436040412,Magma,LW,1,5.72
STEAM_0:0:444329654,romannumeral,CM,4,6.45
STEAM_0:0:449236,LagHank,RB,75,7.19
STEAM_0:0:454662343,Chilli Peppers,,1,
STEAM_0:0:455145222,darwizzy,RW,1,5.72
STEAM_0:0:456191419,el jefe,LW,107,7.4
STEAM_0:0:489631589,Lyne,RB,7,6.73
STEAM_0:0:4901026,Jumbo,LW,1,5.72
STEAM_0:0:490250953,El_Pistolero,,2,
STEAM_0:0:495288729,polar,LW,420,8.27
STEAM_0:0:500399852,pirri al que someten,GK,1,5.77
STEAM_0:0:508333149,Glizzy,,1,
STEAM_0:0:509098898,CvRon,RW,5,6.55
STEAM_0:0:510262918,2.0 tdi future,RB,4,6.48
STEAM_0:0:511909092,Don Ramon,GK,57,7.22
STEAM_0:0:514087473,shodabear,,1,
STEAM_0:0:521490581,Maldini(pacci's dog),,1,
STEAM_0:0:523865819,chaq,LB,201,9.27
STEAM_0:0:529937721,Rego,GK,3,6.38
STEAM_0:0:531523175,Yanke,LW,3,6.3
STEAM_0:0:533877165,1.7block,,1,
STEAM_0:0:534882985,pussy destroyer,LB,2,6.11
STEAM_0:0:53589364,diego,RB,1,5.74
STEAM_0:0:536431230,thugsagger43,RW,80,8.03
STEAM_0:0:540393396,pacci,,1,
STEAM_0:0:547506296,busti,RB,2,6.11
STEAM_0:0:54856986,sirocco.,LW,14,6.8
STEAM_0:0:548660412,Kampesino,GK,2,6.15
STEAM_0:0:554189067,Tapatanga,LW,1,5.72
STEAM_0:0:554423460,jotape,,1,
STEAM_0:0:555753581,El Magico,RB,1,5.74
STEAM_0:0:556347741,Felix,RW,1,5.72
STEAM_0:0:557206486,Not kobbeh,LW,214,7.15
STEAM_0:0:557874496,pw?,LW,3,6.3
STEAM_0:0:559611270,Joaquin Archivaldo Guzman Loera,GK,3,6.38
STEAM_0:0:561764298,xanjo,LB,3,6.33
STEAM_0:0:565662550,ChetosDeQueso,GK,209,6.65
STEAM_0:0:566482325,Prosor,LW,1,5.72
STEAM_0:0:566727630,Snowy,GK,143,9.26
STEAM_0:0:567803599,Hernan,GK,15,7.03
STEAM_0:0:567972969,extra,RW,9,6.77
STEAM_0:0:570105426,lamine yamal con 1.9,RW,21,6.98
STEAM_0:0:571369029,vini,CM,17,7.11
STEAM_0:0:576072296,sapoEAEGALERA,RW,1,5.72
STEAM_0:0:576714833,Big Shaq,CM,2,6.09
STEAM_0:0:580012006,PELE,LB,3,6.33
STEAM_0:0:582227167,nexZ,LB,1,5.74
STEAM_0:0:582551130,cawyuz,LB,10,6.86
STEAM_0:0:585527483,omg1v1pls,RB,17,6.99
STEAM_0:0:585674126,.f.-e.,RW,14,6.92
STEAM_0:0:590069097,Mauricio Rosales,,1,
STEAM_0:0:59074100,Roca,,1,
STEAM_0:0:591512946,Palma,,1,
STEAM_0:0:591586986,... 1 half,CM,337,9.29
STEAM_0:0:595312991,KzD,RB,1,5.74
STEAM_0:0:595721197,Cchap Cchap,RB,1,5.74
STEAM_0:0:596096483,xva,LW,2,6.08
STEAM_0:0:596540524,oscar,CM,2,6.09
STEAM_0:0:598398268,Cvijaa,,1,
STEAM_0:0:599674750,pitufo.,LB,2,6.11
STEAM_0:0:600668238,gio,CM,91,8.99
STEAM_0:0:602779985,unseen,CM,2,6.09
STEAM_0:0:605392290,Lord Racist,RB,1,5.74
STEAM_0:0:609364134,spn,LB,1,5.74
STEAM_0:0:610176449,Maestro Splinter,LW,3,6.3
STEAM_0:0:611006884,Hectormbtx,GK,2,6.15
STEAM_0:0:612826899,kimpempe,LB,1,5.74
STEAM_0:0:613214094,Empanada,CM,254,7.37
STEAM_0:0:615562055,sand,LB,82,7.88
STEAM_0:0:619503331,paolon,RW,12,6.86
STEAM_0:0:621872754,Pipetm,CM,97,7.18
STEAM_0:0:622186525,Kylian Mbapp,LB,1,5.74
STEAM_0:0:627053799,guava,RW,20,6.97
STEAM_0:0:627138616,Sebah,LW,4,6.45
STEAM_0:0:628924598,MIBOMBO,RB,8,6.78
STEAM_0:0:629172715,la polizia noooo,LB,9,6.82
STEAM_0:0:630644810,Gustambor,RB,30,7.18
STEAM_0:0:631503315,Loki,RB,57,7.15
STEAM_0:0:632278086,w w w,RW,3,6.3
STEAM_0:0:633792369,(AGNAR ALERGICO AL GOL),RW,1,5.58
STEAM_0:0:63419956,Slasher,LW,8,6.73
STEAM_0:0:634551970,colon,RW,4,6.46
STEAM_0:0:634690091,Dubai Chocoalte Labubu,CM,3,6.31
STEAM_0:0:634869277,tookey,GK,40,7.19
STEAM_0:0:637432708,Lau el negro pija.,RW,2,6.08
STEAM_0:0:638812781,zoe,CM,9,6.78
STEAM_0:0:641661038,secso,RW,119,7.15
STEAM_0:0:643025732,franco,LW,4,6.45
STEAM_0:0:645894343,mtxxsx,CM,1,5.73
STEAM_0:0:650460285,Eltytongo48,RW,76,7.11
STEAM_0:0:650973699,caca,CM,1,5.76
STEAM_0:0:650989449,"el pesho,dogi",,1,
STEAM_0:0:654573574,Mimir,,1,
STEAM_0:0:661322564,sandia,RB,65,7.16
STEAM_0:0:661965551,Twentyno,,1,
STEAM_0:0:672972390,foofey,LW,2,6.08
STEAM_0:0:693299256,SR Second Alexander Casstle,,2,
STEAM_0:0:693474670,Cavani (dedeado),RB,60,7.11
STEAM_0:0:706506423,SSJ,CM,1,5.73
STEAM_0:0:709307346,br br alfarin din,LW,15,6.91
STEAM_0:0:709800576,BONDICKER,CM,2,6.09
STEAM_0:0:709867121,TRT,CM,214,7.63
STEAM_0:0:711692002,cassetti pases picanteslatich,RB,1,5.74
STEAM_0:0:712559796,Santana,LW,161,9.26
STEAM_0:0:713392895,n1x,LB,2,6.11
STEAM_0:0:714175325,courtois prime,GK,33,7.13
STEAM_0:0:742547054,DemZo,CM,7,6.7
STEAM_0:0:743006338,slubo,RB,6,6.7
STEAM_0:0:753743685,quper,,1,
STEAM_0:0:756997985,hakimi87,RB,2,6.11
STEAM_0:0:759471649,wex,RW,21,6.98
STEAM_0:0:763127724,pelusa,CM,2,6.09
STEAM_0:0:783894272,gus,LB,199,7.69
STEAM_0:0:784506114,Empanada,GK,1,5.77
STEAM_0:0:791689615,LaBeLo,LW,1,5.72
STEAM_0:0:803464681,Tinho,CM,7,6.7
STEAM_0:0:808981303,flancito,LW,1,5.72
STEAM_0:0:811596174,zell,LW,1,5.72
STEAM_0:0:818080739,Newklozz,RB,1,5.74
STEAM_0:0:819665662,generalg,CM,4,6.45
STEAM_0:0:837955394,ykWiN,RW,103,7.13
STEAM_0:0:838076937,yeico,CM,309,7.7
STEAM_0:0:838440378,RenT,LB,7,6.73
STEAM_0:0:842808826,0),RB,614,9.3
STEAM_0:0:845055840,Deravi,GK,55,7.22
STEAM_0:0:853409596,hilagonza2106,LW,1,5.72
STEAM_0:0:87757576,daniel,LW,80,8.6
STEAM_0:0:887120221,111,RW,51,7.94
STEAM_0:0:89875449,Light Skin Demon,LW,1,5.72
STEAM_0:0:898995799,coca,LB,142,7.19
STEAM_0:0:910181096,KRug4,RB,22,7.04
STEAM_0:0:917329525,kbpw,,1,
STEAM_0:0:91874722,hiso,CM,1,5.73
STEAM_0:0:920198930,autip.,LW,5,6.55
STEAM_0:0:921231302,riki988,CM,143,7.15
STEAM_0:0:925712824,yw1n,CM,3,6.31
STEAM_0:0:925876123,bnsn,,1,
STEAM_0:0:929127914,Trab,,1,
STEAM_0:0:9330823,Simao,RB,7,6.73
STEAM_0:0:935322498,sandia,RW,15,6.91
STEAM_0:0:939167102,david.,GK,5,6.64
STEAM_0:0:939755199,CJ,,3,
STEAM_0:0:941370125,mr.Nonchlant,,2,
STEAM_0:0:945491378,USAonTOP,CM,3,6.31
STEAM_0:0:946828568,Hanzel,LB,3,6.33
STEAM_0:0:951858644,yoshiwa,LW,2,6.11
STEAM_0:0:954678484,extra,CM,1,5.74
STEAM_0:0:955923246,Thekevin32,CM,2,6.09
STEAM_0:0:956706933,tracer,,1,
STEAM_0:0:958989309,WASKITA,LB,2,6.11
STEAM_0:0:961991703,Cassetti.,LB,2,6.07
STEAM_0:0:97705158,Richard,LW,4,6.45
STEAM_0:1:10197940,SkyyNet,GK,143,7.27
STEAM_0:1:105274742,Test Object 1,CM,4,6.45
STEAM_0:1:118688024,leber,,1,
STEAM_0:1:126572080,Krythx,CM,76,7.64
STEAM_0:1:127001049,bagobread,LW,5,6.55
STEAM_0:1:146620910,Lamininho,LW,244,9.28
STEAM_0:1:154204578,ZhadoW,LW,1,5.72
STEAM_0:1:173127502,Anthony_3176,RB,4,7.0
STEAM_0:1:179682268,chikipaytor,,1,
STEAM_0:1:18913938,Aguero,LW,2,6.08
STEAM_0:1:189794746,matias,RB,8,6.78
STEAM_0:1:196764486,clous,,1,
STEAM_0:1:1975079,barella,RB,6,6.67
STEAM_0:1:19983526,nuri,LW,5,6.55
STEAM_0:1:200387254,Pablow,CM,1,5.73
STEAM_0:1:207573460,MaximGM,CM,1,5.73
STEAM_0:1:214000901,Remek,GK,1,5.77
STEAM_0:1:219335408,unnamed,LW,32,7.5
STEAM_0:1:222152620,conabzb,RB,1,5.74
STEAM_0:1:230175263,stefs,RB,20,7.1
STEAM_0:1:234548871,LatripaXd08,GK,3,6.38
STEAM_0:1:237308870,joota danel,CM,1,5.73
STEAM_0:1:237425882,FRIBU,,1,
STEAM_0:1:242201944,afonser,RB,6,6.67
STEAM_0:1:427308592,Gonorrea,CM,2,6.08
STEAM_0:1:428625097,Richie,RB,53,7.14
STEAM_0:1:432581178,kr1b,RB,1,5.74
STEAM_0:1:4345,zamalito,RW,8,6.73
STEAM_0:1:445699118,rorro,LW,5,6.55
STEAM_0:1:451783975,Papalito,RW,271,9.28
STEAM_0:1:455899548,renko,,1,
STEAM_0:1:456522099,Churrito,RW,7,6.69
STEAM_0:1:456668647,Denqty,CM,2,6.09
STEAM_0:1:460923272,Jager,LB,3,6.33
STEAM_0:1:480266270,sno,LB,1,5.74
STEAM_0:1:4812742,Fallen,RW,59,7.11
STEAM_0:1:500569573,Maxi,CM,8,6.74
STEAM_0:1:502515102,mezzi,LW,2,6.08
STEAM_0:1:509480167,nunca,GK,55,7.22
STEAM_0:1:512006848,hell cat,RW,68,8.64
STEAM_0:1:512399309,peo,LB,42,7.2
STEAM_0:1:513870876,Ivan Pillud,LB,1,5.74
STEAM_0:1:516321006,pimpdown,,1,
STEAM_0:1:521709613,cagarruta,CM,69,7.12
STEAM_0:1:521955666,Casillas,,1,
STEAM_0:1:542660984,Vendelin,RB,1,5.74
STEAM_0:1:542791057,iniesta,RB,1,5.74
STEAM_0:1:545238280,jwkmfnh,LB,9,6.79
STEAM_0:1:548283418,Railenks21,LB,359,8.47
STEAM_0:1:548456648,Jonny,LW,14,6.9
STEAM_0:1:550341195,slwy,LW,1,5.72
STEAM_0:1:553312094,klarinss12,RB,1,5.74
STEAM_0:1:554693033,juiso de arros,CM,1,5.73
STEAM_0:1:555397418,Cucumber Tekkers`,LB,2,6.11
STEAM_0:1:559203160,Rockinho,,1,
STEAM_0:1:559774238,Dert,GK,12,6.97
STEAM_0:1:566113342,T3MP0,CM,12,6.87
STEAM_0:1:566337840,Smoothly_Kun,LB,4,6.48
STEAM_0:1:567092520,EmeVeSe,CM,2,6.09
STEAM_0:1:569882418,alberteg,RB,1,5.74
STEAM_0:1:571808921,coca,CM,15,7.21
STEAM_0:1:571823699,wasaaa,LW,1,5.83
STEAM_0:1:574160535,Reyveron,LB,7,6.73
STEAM_0:1:576958660,MSN,RB,2,6.11
STEAM_0:1:580837006,Michael,RW,3,6.3
STEAM_0:1:581506203,krosh,,1,
STEAM_0:1:582234554,Giuliano Yankees,RW,1,5.72
STEAM_0:1:588628560,BrandonBQM,GK,237,7.28
STEAM_0:1:590458372,Kq,LW,37,7.35
STEAM_0:1:595566459,Mendy,CM,3,6.31
STEAM_0:1:597838122,Gabz,LB,55,7.14
STEAM_0:1:604798302,fram,,1,
STEAM_0:1:6064525,muy lento,CM,124,7.15
STEAM_0:1:60839515,Morro Garcia9,,1,
STEAM_0:1:608932992,M1CR0,CM,11,6.85
STEAM_0:1:619101597,0,LB,2,6.11
STEAM_0:1:61921742,eRat,LB,29,7.08
STEAM_0:1:619605547,Luar La L,,2,
STEAM_0:1:620821697,Zamba,CM,3,6.31
STEAM_0:1:62198196,brodrick,RW,27,6.65
STEAM_0:1:625844098,srv,LW,303,7.95
STEAM_0:1:626862128,1,RW,4,6.45
STEAM_0:1:627914072,Nazario,LW,1,5.72
STEAM_0:1:627950827,polarizado,LW,127,7.14
STEAM_0:1:628845865,LeBeLe,,4,
STEAM_0:1:629129534,akarisinho,RW,5,6.55
STEAM_0:1:629426995,Perro123,,1,
STEAM_0:1:630955236,fr1s,LB,1,5.74
STEAM_0:1:631317413,rar,CM,295,9.29
STEAM_0:1:631385099,saes,,1,
STEAM_0:1:632931415,Adrian,RW,94,7.16
STEAM_0:1:635202775,Esteban_Zwe,LB,1,5.74
STEAM_0:1:640722264,Abo Kevin,LW,9,6.77
STEAM_0:1:641213959,ElPela,LW,2,6.08
STEAM_0:1:645356802,kumarsito,RB,1,5.74
STEAM_0:1:649245246,Agustin.,LW,24,7.0
STEAM_0:1:653746560,Gerappa,,2,
STEAM_0:1:658531620,JJS,LB,6,6.66
STEAM_0:1:658775989,flancito,RW,71,7.09
STEAM_0:1:665645215,Slumby,LB,4,6.48
STEAM_0:1:672441265,CASSETTI,CM,2,6.09
STEAM_0:1:678274554,EzEe,RW,1,5.72
STEAM_0:1:695163331,Cuevita,CM,13,6.89
STEAM_0:1:695377651,4-star USB,CM,4,6.45
STEAM_0:1:701404455,Joven violador,LB,59,7.15
STEAM_0:1:702022120,tebann,RW,5,6.55
STEAM_0:1:705029347,courtois prime,GK,65,7.23
STEAM_0:1:7116806,Lua,,1,
STEAM_0:1:712148059,eric,LW,39,7.06
STEAM_0:1:720829060,covvu,LB,11,6.88
STEAM_0:1:721701255,rzin,RB,1,5.88
STEAM_0:1:722278941,R1C4RDR0(OR10N),RB,60,7.43
STEAM_0:1:737967889,FatCat,RB,176,7.2
STEAM_0:1:739979541,gary,RB,36,7.12
STEAM_0:1:740689232,CJ!!,LB,4,6.48
STEAM_0:1:741203476,larry,RB,391,9.29
STEAM_0:1:753309466,van dai,LB,147,8.72
STEAM_0:1:758950542,Vini,GK,7,6.81
STEAM_0:1:758957663,HARBOR PLANERO,,1,
STEAM_0:1:761906813,vice,,2,
STEAM_0:1:763949348,cabezamagica,RW,1,5.72
STEAM_0:1:765661748,Santana,LW,1,5.72
STEAM_0:1:771428379,dreamy,GK,1,5.77
STEAM_0:1:776748154,Bicho,LB,385,8.86
STEAM_0:1:785348732,Kimmich,CM,6,6.5
STEAM_0:1:787992769,kliy,RW,206,7.37
STEAM_0:1:788528725,anthony20fps,RB,145,7.77
STEAM_0:1:790102513,PANCHOOOO,GK,1,5.77
STEAM_0:1:795040256,Yerzy,CM,262,8.7
STEAM_0:1:8075402,Jay-,RW,3,6.3
STEAM_0:1:822672358,samir,LW,3,6.3
STEAM_0:1:839574523,NERKELES,CM,1,5.73
STEAM_0:1:842567190,c?,RB,3,6.33
STEAM_0:1:846551844,Pepe Martines 1.2.1 ww3 version,GK,315,7.38
STEAM_0:1:858163713,Draggy,,1,
STEAM_0:1:862849557,pesuti,LB,5,6.59
STEAM_0:1:866129319,Classify,LB,2,6.11
STEAM_0:1:896237587,Polars Best Friend,LW,19,6.96
STEAM_0:1:898024765,penix,RW,11,6.89
STEAM_0:1:900065944,Pitbull.,RB,1,5.74
STEAM_0:1:904113422,fabianoev2024,LW,4,6.59
STEAM_0:1:924341284,ISAGI,,1,
STEAM_0:1:925068406,"inj opgbp,lbdheñahprç",LB,1,5.74
STEAM_0:1:925517922,Hermetico,RB,3,6.33
STEAM_0:1:929272359,kruga,GK,95,7.04
STEAM_0:1:930943393,Trab,,1,
STEAM_0:1:931590691,Luca,RW,1,5.72
STEAM_0:1:933830079,1.7block,,3,
STEAM_0:1:934906085,SportyS,RB,4,6.48
STEAM_0:1:937347158,rave,,1,
STEAM_0:1:947735601,PAPALETA,,1,
STEAM_0:1:955222936,e [9fiun-9q38ubf -9813 19fi3n y,GK,1,5.77
STEAM_0:1:956109294,martin521077,,1,
STEAM_0:1:956256961,sexo,RB,2,6.11
STEAM_0:1:956824665,llanta,,1,
STEAM_0:1:95699513,klarity,GK,6,6.72
STEAM_0:1:960101563,ploh!,RW,1,5.68
STEAM_0:1:963327449,Cassetti.,LB,2,6.1
STEAM_0:1:964304997,s1,RW,1,5.72
[U:1:1024013697],hell cat,CM,1,5.73
[U:1:1024798619],chool shooter,LB,2,6.11
[U:1:1047731638],chaq,LB,14,6.94
[U:1:1096566837],Railenks21,RB,13,6.87
[U:1:1114412972],yung kopbl,LW,2,6.08
[U:1:1131325100],ChetosDeQueso,LB,4,6.48
[U:1:1133455260],Snowy,LW,10,6.86
[U:1:1135607198],Pacho,LB,1,5.74
[U:1:1165102260],dj caw,,1,
[U:1:1171054966],lvl 12 golden knight,RW,2,6.08
[U:1:1177257121],Brandon_BQM,GK,3,6.38
[U:1:1183173972],... 1 half,CM,7,6.74
[U:1:1201336476],el pirata de culiacan,RB,4,6.48
[U:1:1205559970],unseen,CM,1,5.73
[U:1:1226428188],Lamine yamal,GK,2,6.16
[U:1:1230085474],Los oreos,LB,1,5.74
[U:1:1251688197],srv,LW,4,6.45
[U:1:1255901655],ESEWEY,LW,2,6.08
[U:1:1262634827],conflay,RB,10,6.85
[U:1:1265862831],Adrian Oliveira,LW,1,5.72
[U:1:1283322076],sexo,RB,2,6.11
[U:1:1317551979],flan con queso,RW,4,6.45
[U:1:1419734242],YAMAL_YT,CM,6,6.71
[U:1:1425119592],dos santos,RW,5,6.59
[U:1:1428350650],Adrian no prime (decadencia),GK,5,6.64
[U:1:1482406953],larry,GK,7,6.79
[U:1:1506618933],diego_,LB,17,6.97
[U:1:1553496309],bicho,CM,15,6.9
[U:1:1567788544],gus presidente electoral,RB,8,6.78
[U:1:1575985539],kliy,RW,1,5.72
[U:1:1676153874],yeico,LW,8,6.79
[U:1:1685617652],0),RB,16,6.9
[U:1:1693103689],"tate goku C!""PM",GK,6,6.72
[U:1:1732258639],Classify,LW,1,5.73
[U:1:175515152],daniel,CM,2,6.09
[U:1:1840397860],autip-,LW,4,6.45
[U:1:1926327914],RenT,,2,
[U:1:20395881],SkyyNet,GK,1,5.76
[U:1:230989674],eSlicer,LB,1,5.73
[U:1:293241821],highligdam,LW,14,7.02
[U:1:393719086],CheezyChips,CM,1,5.73
[U:1:438670817],PELOSDELKUL0,LW,1,5.72
[U:1:831568884],LG,,1,
[U:1:847954868],Pisco,RW,2,6.08
[U:1:903567951],Papalito,CM,5,6.57
[U:1:990577458],pochi,LW,9,6.84
